CustomerID;"Gender";"Age";"Tenure";"MonthlyCharges";"Contract";"PaymentMethod";"InternetService";"TotalCharges";"Churn"
CUST10000;"Male";"71";"39";"78.82";"Two year";"Credit card";"DSL";"3189.92";"No"
CUST10001;"Female";"34";"46";"68.1";"Two year";"Credit card";"DSL";"3229.91";"No"
CUST10002;"Male";"26";"29";"84.23";"One year";"Bank transfer";"DSL";"2364.76";"No"
CUST10003;"Male";"50";"62";"26.49";"Month-to-month";"Mailed check";"Fiber optic";"1662.7";"No"
CUST10004;"Male";"70";"62";"78.0";"One year";"Electronic check";"Fiber optic";"4790.24";"No"
CUST10005;"Female";"37";"57";"76.15";"One year";"Mailed check";"Fiber optic";"4359.12";"No"
CUST10006;"Male";"30";"16";"76.07";"Month-to-month";"Electronic check";"Fiber optic";"1368.03";"No"
CUST10007;"Male";"45";"56";"80.35";"Month-to-month";"Bank transfer";"No";"4560.16";"No"
CUST10008;"Male";"65";"10";"87.65";"One year";"Electronic check";"DSL";"927.36";"No"
CUST10009;"Female";"46";"30";"100.5";"Month-to-month";"Electronic check";"DSL";"2971.97";"No"
CUST10010;"Male";"30";"25";"46.98";"One year";"Bank transfer";"DSL";"1026.09";"No"
CUST10011;"Male";"63";"5";"102.5";"One year";"Mailed check";"Fiber optic";"491.65";"Yes"
CUST10012;"Male";"52";"65";"69.83";"Two year";"Bank transfer";"No";"4659.61";"No"
CUST10013;"Male";"23";"49";"27.71";"Month-to-month";"Electronic check";"DSL";"1205.07";"No"
CUST10014;"Female";"35";"3";"25.86";"Month-to-month";"Bank transfer";"No";"25.86";"No"
CUST10015;"Male";"68";"45";"53.42";"One year";"Electronic check";"No";"2416.53";"No"
CUST10016;"Female";"22";"14";"98.49";"Month-to-month";"Bank transfer";"DSL";"1280.39";"No"
CUST10017;"Female";"64";"30";"90.77";"One year";"Credit card";"Fiber optic";"2643.85";"No"
CUST10018;"Female";"42";"68";"98.86";"One year";"Credit card";"Fiber optic";"6680.12";"Yes"
CUST10019;"Male";"19";"18";"71.73";"Month-to-month";"Bank transfer";"No";"1154.58";"Yes"
CUST10020;"Female";"27";"62";"64.02";"Month-to-month";"Mailed check";"DSL";"3871.83";"No"
CUST10021;"Male";"73";"37";"34.75";"Month-to-month";"Electronic check";"Fiber optic";"1356.09";"No"
CUST10022;"Female";"47";"25";"52.82";"Month-to-month";"Credit card";"DSL";"1189.76";"No"
CUST10023;"Female";"67";"48";"63.4";"Two year";"Mailed check";"Fiber optic";"2883.41";"No"
CUST10024;"Female";"62";"65";"28.86";"Two year";"Electronic check";"Fiber optic";"1812.9";"Yes"
CUST10025;"Female";"22";"53";"42.06";"One year";"Credit card";"Fiber optic";"2302.38";"No"
CUST10026;"Female";"72";"15";"79.82";"One year";"Credit card";"No";"1177.61";"Yes"
CUST10027;"Female";"73";"49";"93.57";"Month-to-month";"Bank transfer";"No";"4538.47";"No"
CUST10028;"Female";"50";"68";"119.83";"Two year";"Electronic check";"No";"8152.88";"No"
CUST10029;"Female";"71";"12";"113.31";"One year";"Mailed check";"DSL";"1185.15";"Yes"
CUST10030;"Male";"18";"59";"84.26";"One year";"Mailed check";"Fiber optic";"5020.81";"No"
CUST10031;"Male";"35";"37";"62.12";"Two year";"Mailed check";"DSL";"2336.78";"No"
CUST10032;"Female";"49";"61";"83.62";"Month-to-month";"Electronic check";"Fiber optic";"5059.89";"No"
CUST10033;"Female";"64";"43";"98.57";"Two year";"Mailed check";"Fiber optic";"4339.1";"Yes"
CUST10034;"Female";"66";"70";"31.83";"Month-to-month";"Mailed check";"Fiber optic";"2115.35";"No"
CUST10035;"Male";"28";"39";"60.99";"Month-to-month";"Mailed check";"Fiber optic";"2491.4";"Yes"
CUST10036;"Female";"38";"56";"103.98";"Month-to-month";"Bank transfer";"No";"5838.33";"No"
CUST10037;"Male";"43";"63";"58.38";"Two year";"Bank transfer";"DSL";"3644.28";"No"
CUST10038;"Male";"42";"46";"77.19";"Two year";"Electronic check";"Fiber optic";"3548.75";"No"
CUST10039;"Male";"39";"11";"78.78";"One year";"Electronic check";"Fiber optic";"855.85";"Yes"
CUST10040;"Male";"44";"62";"38.45";"One year";"Mailed check";"DSL";"2505.93";"No"
CUST10041;"Male";"66";"25";"56.22";"One year";"Bank transfer";"DSL";"1297.83";"No"
CUST10042;"Female";"30";"71";"53.45";"Two year";"Credit card";"No";"3718.7";"No"
CUST10043;"Female";"50";"52";"22.62";"Month-to-month";"Credit card";"No";"1279.87";"No"
CUST10044;"Female";"51";"4";"22.42";"Month-to-month";"Mailed check";"No";"30.13";"No"
CUST10045;"Female";"58";"59";"103.17";"Month-to-month";"Mailed check";"No";"6177.08";"Yes"
CUST10046;"Female";"52";"72";"47.31";"One year";"Bank transfer";"DSL";"3576.26";"No"
CUST10047;"Male";"18";"20";"71.81";"One year";"Bank transfer";"Fiber optic";"1396.02";"No"
CUST10048;"Female";"38";"63";"49.87";"Month-to-month";"Bank transfer";"Fiber optic";"3209.95";"Yes"
CUST10049;"Female";"65";"54";"114.07";"Month-to-month";"Electronic check";"Fiber optic";"6044.41";"Yes"
CUST10050;"Male";"72";"57";"45.93";"Two year";"Electronic check";"Fiber optic";"2693.48";"No"
CUST10051;"Female";"23";"41";"62.97";"Month-to-month";"Mailed check";"Fiber optic";"2601.71";"No"
CUST10052;"Male";"45";"3";"107.27";"One year";"Electronic check";"Fiber optic";"369.11";"Yes"
CUST10053;"Female";"34";"6";"104.19";"Two year";"Bank transfer";"Fiber optic";"560.58";"No"
CUST10054;"Male";"22";"5";"38.61";"Month-to-month";"Bank transfer";"DSL";"38.61";"No"
CUST10055;"Female";"48";"5";"100.26";"Month-to-month";"Electronic check";"Fiber optic";"551.63";"Yes"
CUST10056;"Female";"22";"54";"65.82";"One year";"Credit card";"Fiber optic";"3354.28";"No"
CUST10057;"Male";"55";"47";"68.3";"Two year";"Mailed check";"Fiber optic";"3178.36";"No"
CUST10058;"Male";"20";"49";"33.35";"Month-to-month";"Credit card";"DSL";"1728.27";"No"
CUST10059;"Male";"70";"9";"28.06";"Two year";"Mailed check";"Fiber optic";"271.73";"No"
CUST10060;"Male";"40";"20";"92.79";"Month-to-month";"Credit card";"DSL";"2050.63";"Yes"
CUST10061;"Male";"54";"61";"69.65";"Month-to-month";"Electronic check";"Fiber optic";"4351.16";"Yes"
CUST10062;"Male";"70";"35";"63.69";"One year";"Mailed check";"Fiber optic";"2163.76";"Yes"
CUST10063;"Male";"54";"50";"92.95";"Two year";"Mailed check";"Fiber optic";"4650.23";"No"
CUST10064;"Male";"27";"62";"96.55";"Month-to-month";"Mailed check";"DSL";"5981.36";"No"
CUST10065;"Female";"27";"17";"35.89";"Two year";"Bank transfer";"Fiber optic";"451.91";"No"
CUST10066;"Female";"36";"3";"81.02";"One year";"Bank transfer";"Fiber optic";"149.02";"No"
CUST10067;"Male";"34";"32";"33.54";"Month-to-month";"Credit card";"Fiber optic";"1017.2";"Yes"
CUST10068;"Female";"38";"13";"95.14";"Month-to-month";"Electronic check";"Fiber optic";"1036.82";"Yes"
CUST10069;"Female";"31";"68";"85.7";"Two year";"Bank transfer";"Fiber optic";"5832.35";"No"
CUST10070;"Female";"26";"14";"115.66";"Month-to-month";"Mailed check";"Fiber optic";"1594.33";"Yes"
CUST10071;"Female";"63";"11";"26.9";"Month-to-month";"Bank transfer";"DSL";"128.61";"Yes"
CUST10072;"Male";"18";"56";"25.71";"Month-to-month";"Electronic check";"DSL";"1480.18";"No"
CUST10073;"Female";"68";"67";"48.22";"Two year";"Bank transfer";"Fiber optic";"3302.33";"No"
CUST10074;"Male";"62";"29";"46.17";"One year";"Mailed check";"Fiber optic";"1361.63";"No"
CUST10075;"Female";"30";"9";"44.7";"One year";"Credit card";"Fiber optic";"369.89";"Yes"
CUST10076;"Female";"21";"67";"110.63";"Month-to-month";"Mailed check";"DSL";"7471.35";"No"
CUST10077;"Female";"18";"25";"44.95";"One year";"Electronic check";"DSL";"1191.77";"No"
CUST10078;"Male";"66";"42";"47.19";"One year";"Credit card";"Fiber optic";"2012.72";"Yes"
CUST10079;"Female";"57";"9";"95.94";"Two year";"Bank transfer";"DSL";"781.0";"No"
CUST10080;"Male";"49";"40";"64.97";"Two year";"Bank transfer";"Fiber optic";"2626.46";"No"
CUST10081;"Female";"51";"25";"97.67";"Month-to-month";"Bank transfer";"DSL";"2561.3";"Yes"
CUST10082;"Male";"45";"5";"26.54";"One year";"Credit card";"Fiber optic";"73.04";"No"
CUST10083;"Female";"48";"11";"68.76";"Month-to-month";"Mailed check";"No";"956.36";"Yes"
CUST10084;"Male";"25";"59";"23.36";"Month-to-month";"Credit card";"DSL";"1325.68";"No"
CUST10085;"Male";"56";"38";"26.27";"Month-to-month";"Credit card";"Fiber optic";"1001.5";"No"
CUST10086;"Female";"43";"72";"110.64";"Month-to-month";"Electronic check";"DSL";"7898.83";"No"
CUST10087;"Male";"51";"5";"33.92";"Month-to-month";"Credit card";"Fiber optic";"191.93";"Yes"
CUST10088;"Female";"71";"48";"73.24";"One year";"Bank transfer";"Fiber optic";"3341.3";"No"
CUST10089;"Female";"71";"18";"61.11";"Month-to-month";"Mailed check";"Fiber optic";"1045.38";"No"
CUST10090;"Female";"20";"70";"54.73";"One year";"Mailed check";"Fiber optic";"3721.89";"No"
CUST10091;"Female";"67";"37";"109.98";"Month-to-month";"Mailed check";"No";"4082.79";"Yes"
CUST10092;"Female";"29";"60";"22.18";"Month-to-month";"Bank transfer";"DSL";"1430.24";"No"
CUST10093;"Female";"18";"48";"86.38";"One year";"Bank transfer";"DSL";"4210.84";"No"
CUST10094;"Female";"71";"28";"116.34";"Month-to-month";"Bank transfer";"No";"3057.52";"No"
CUST10095;"Female";"61";"69";"76.02";"Month-to-month";"Bank transfer";"Fiber optic";"5445.38";"No"
CUST10096;"Female";"22";"40";"113.68";"One year";"Bank transfer";"No";"4576.73";"No"
CUST10097;"Female";"47";"45";"25.23";"Month-to-month";"Credit card";"Fiber optic";"1057.7";"No"
CUST10098;"Female";"47";"62";"61.88";"Month-to-month";"Bank transfer";"No";"3852.27";"No"
CUST10099;"Male";"74";"58";"46.02";"Month-to-month";"Bank transfer";"Fiber optic";"2686.78";"No"
CUST10100;"Male";"34";"67";"93.08";"Two year";"Bank transfer";"Fiber optic";"6169.68";"No"
CUST10101;"Female";"65";"56";"118.13";"One year";"Bank transfer";"No";"6635.07";"No"
CUST10102;"Female";"64";"40";"45.65";"One year";"Mailed check";"Fiber optic";"1765.25";"No"
CUST10103;"Female";"40";"40";"85.42";"One year";"Bank transfer";"DSL";"3376.36";"No"
CUST10104;"Female";"32";"33";"39.81";"Month-to-month";"Credit card";"DSL";"1245.1";"No"
CUST10105;"Female";"54";"6";"76.53";"Month-to-month";"Credit card";"DSL";"315.91";"Yes"
CUST10106;"Female";"38";"19";"66.39";"One year";"Credit card";"DSL";"1275.99";"Yes"
CUST10107;"Female";"31";"40";"117.2";"Month-to-month";"Electronic check";"DSL";"4746.53";"No"
CUST10108;"Female";"19";"59";"80.85";"Month-to-month";"Mailed check";"Fiber optic";"4821.64";"Yes"
CUST10109;"Male";"28";"59";"54.95";"Month-to-month";"Bank transfer";"Fiber optic";"3324.04";"Yes"
CUST10110;"Female";"68";"48";"31.41";"Month-to-month";"Electronic check";"Fiber optic";"1540.11";"Yes"
CUST10111;"Male";"56";"41";"35.12";"Two year";"Bank transfer";"Fiber optic";"1386.65";"No"
CUST10112;"Female";"55";"13";"42.53";"Month-to-month";"Electronic check";"DSL";"636.86";"No"
CUST10113;"Female";"51";"45";"45.1";"Month-to-month";"Electronic check";"DSL";"1893.75";"No"
CUST10114;"Male";"55";"53";"105.06";"Month-to-month";"Credit card";"DSL";"5478.11";"No"
CUST10115;"Female";"67";"42";"76.12";"Two year";"Credit card";"Fiber optic";"3100.62";"No"
CUST10116;"Male";"51";"63";"72.34";"Month-to-month";"Electronic check";"DSL";"4665.43";"No"
CUST10117;"Female";"35";"27";"31.48";"Month-to-month";"Credit card";"DSL";"944.24";"No"
CUST10118;"Female";"47";"38";"106.01";"One year";"Electronic check";"Fiber optic";"4077.11";"No"
CUST10119;"Male";"32";"60";"92.28";"One year";"Mailed check";"No";"5643.99";"Yes"
CUST10120;"Female";"44";"7";"26.77";"Month-to-month";"Credit card";"DSL";"99.46";"Yes"
CUST10121;"Male";"68";"5";"90.78";"Month-to-month";"Credit card";"Fiber optic";"488.76";"No"
CUST10122;"Female";"51";"45";"74.35";"Month-to-month";"Credit card";"Fiber optic";"3333.23";"No"
CUST10123;"Male";"69";"58";"28.17";"Month-to-month";"Mailed check";"Fiber optic";"1718.55";"Yes"
CUST10124;"Male";"74";"31";"65.83";"Month-to-month";"Electronic check";"No";"2029.21";"Yes"
CUST10125;"Female";"55";"23";"68.47";"Month-to-month";"Bank transfer";"DSL";"1536.32";"No"
CUST10126;"Female";"50";"42";"36.58";"Month-to-month";"Credit card";"DSL";"1590.45";"No"
CUST10127;"Male";"41";"10";"114.57";"Month-to-month";"Electronic check";"No";"1233.32";"No"
CUST10128;"Female";"32";"32";"105.0";"One year";"Mailed check";"Fiber optic";"3293.17";"No"
CUST10129;"Female";"47";"53";"86.9";"Two year";"Bank transfer";"Fiber optic";"4599.59";"No"
CUST10130;"Female";"72";"30";"66.23";"One year";"Credit card";"Fiber optic";"1881.06";"No"
CUST10131;"Male";"59";"39";"61.18";"Month-to-month";"Mailed check";"Fiber optic";"2186.02";"No"
CUST10132;"Male";"68";"31";"85.1";"Month-to-month";"Mailed check";"No";"2658.15";"Yes"
CUST10133;"Male";"34";"2";"74.54";"Two year";"Bank transfer";"No";"209.97";"No"
CUST10134;"Male";"22";"12";"26.23";"Month-to-month";"Electronic check";"Fiber optic";"340.97";"Yes"
CUST10135;"Male";"46";"39";"71.25";"Month-to-month";"Credit card";"DSL";"2583.79";"Yes"
CUST10136;"Male";"21";"66";"100.64";"One year";"Credit card";"No";"6607.16";"No"
CUST10137;"Male";"27";"13";"65.92";"One year";"Electronic check";"DSL";"656.96";"No"
CUST10138;"Male";"73";"46";"25.2";"One year";"Electronic check";"DSL";"1296.17";"No"
CUST10139;"Male";"34";"27";"98.63";"Month-to-month";"Electronic check";"No";"2554.4";"Yes"
CUST10140;"Female";"27";"17";"40.14";"Month-to-month";"Bank transfer";"DSL";"807.92";"No"
CUST10141;"Male";"34";"60";"45.86";"Two year";"Bank transfer";"DSL";"2846.19";"No"
CUST10142;"Female";"37";"64";"36.47";"Month-to-month";"Credit card";"DSL";"2244.02";"No"
CUST10143;"Female";"41";"35";"53.02";"One year";"Bank transfer";"No";"1742.42";"No"
CUST10144;"Female";"22";"70";"95.68";"One year";"Mailed check";"Fiber optic";"6732.64";"No"
CUST10145;"Male";"51";"30";"71.94";"One year";"Credit card";"Fiber optic";"2073.77";"No"
CUST10146;"Male";"23";"71";"40.49";"Month-to-month";"Bank transfer";"DSL";"2885.04";"No"
CUST10147;"Male";"70";"63";"107.78";"Month-to-month";"Electronic check";"Fiber optic";"6741.86";"No"
CUST10148;"Male";"19";"28";"107.96";"One year";"Mailed check";"Fiber optic";"2844.76";"No"
CUST10149;"Female";"30";"60";"107.06";"Two year";"Electronic check";"DSL";"6223.6";"Yes"
CUST10150;"Male";"60";"37";"43.88";"Two year";"Credit card";"Fiber optic";"1646.23";"Yes"
CUST10151;"Male";"60";"22";"65.12";"Month-to-month";"Electronic check";"DSL";"1376.48";"Yes"
CUST10152;"Male";"65";"68";"118.5";"Month-to-month";"Bank transfer";"No";"8002.69";"No"
CUST10153;"Male";"28";"20";"97.2";"Two year";"Bank transfer";"Fiber optic";"2013.59";"Yes"
CUST10154;"Male";"68";"68";"22.72";"One year";"Credit card";"No";"1662.3";"No"
CUST10155;"Female";"64";"64";"26.52";"Two year";"Electronic check";"DSL";"1670.03";"No"
CUST10156;"Male";"74";"17";"66.39";"Month-to-month";"Credit card";"Fiber optic";"1094.57";"No"
CUST10157;"Female";"40";"12";"110.92";"One year";"Electronic check";"Fiber optic";"1381.05";"Yes"
CUST10158;"Male";"72";"22";"73.87";"One year";"Mailed check";"Fiber optic";"1489.45";"Yes"
CUST10159;"Female";"33";"17";"69.78";"One year";"Bank transfer";"No";"1208.58";"No"
CUST10160;"Male";"48";"10";"30.55";"Month-to-month";"Credit card";"Fiber optic";"360.69";"No"
CUST10161;"Male";"28";"65";"85.68";"Month-to-month";"Mailed check";"DSL";"5637.22";"No"
CUST10162;"Female";"71";"22";"102.21";"One year";"Mailed check";"Fiber optic";"2054.94";"Yes"
CUST10163;"Female";"33";"50";"58.04";"Month-to-month";"Credit card";"Fiber optic";"2825.86";"No"
CUST10164;"Female";"25";"14";"97.56";"Month-to-month";"Credit card";"Fiber optic";"1278.01";"Yes"
CUST10165;"Male";"21";"64";"116.45";"Two year";"Mailed check";"DSL";"7462.79";"No"
CUST10166;"Female";"57";"47";"40.38";"Month-to-month";"Electronic check";"Fiber optic";"1945.93";"No"
CUST10167;"Male";"21";"29";"72.33";"Two year";"Mailed check";"DSL";"2247.24";"No"
CUST10168;"Male";"73";"36";"48.71";"Month-to-month";"Credit card";"Fiber optic";"1704.06";"Yes"
CUST10169;"Female";"42";"52";"99.29";"One year";"Mailed check";"Fiber optic";"5113.32";"No"
CUST10170;"Female";"20";"7";"77.76";"Two year";"Electronic check";"Fiber optic";"659.29";"No"
CUST10171;"Male";"49";"29";"83.46";"Month-to-month";"Bank transfer";"DSL";"2450.0";"Yes"
CUST10172;"Male";"20";"11";"99.79";"Month-to-month";"Bank transfer";"Fiber optic";"1224.46";"Yes"
CUST10173;"Female";"44";"33";"59.6";"Month-to-month";"Mailed check";"DSL";"1995.67";"No"
CUST10174;"Female";"46";"6";"111.51";"Month-to-month";"Electronic check";"DSL";"553.35";"Yes"
CUST10175;"Female";"49";"32";"73.3";"One year";"Bank transfer";"Fiber optic";"2212.29";"Yes"
CUST10176;"Male";"67";"51";"35.8";"Two year";"Mailed check";"No";"1670.65";"No"
CUST10177;"Male";"68";"58";"89.59";"Month-to-month";"Mailed check";"Fiber optic";"5262.43";"No"
CUST10178;"Male";"36";"26";"99.33";"Month-to-month";"Electronic check";"Fiber optic";"2701.44";"Yes"
CUST10179;"Male";"38";"46";"51.68";"Month-to-month";"Credit card";"No";"2562.22";"Yes"
CUST10180;"Male";"22";"29";"105.72";"One year";"Mailed check";"No";"3150.19";"No"
CUST10181;"Male";"35";"4";"110.61";"Month-to-month";"Credit card";"DSL";"558.72";"Yes"
CUST10182;"Female";"45";"13";"47.69";"One year";"Credit card";"No";"561.97";"No"
CUST10183;"Male";"59";"39";"118.35";"One year";"Bank transfer";"Fiber optic";"4500.01";"No"
CUST10184;"Male";"39";"15";"34.07";"One year";"Credit card";"DSL";"596.06";"No"
CUST10185;"Male";"38";"29";"40.2";"Month-to-month";"Electronic check";"DSL";"1207.57";"Yes"
CUST10186;"Female";"23";"29";"38.42";"One year";"Bank transfer";"Fiber optic";"1124.92";"No"
CUST10187;"Male";"18";"32";"109.4";"Month-to-month";"Bank transfer";"DSL";"3539.54";"Yes"
CUST10188;"Male";"22";"2";"85.43";"Month-to-month";"Bank transfer";"DSL";"203.18";"No"
CUST10189;"Female";"58";"47";"35.21";"Two year";"Mailed check";"DSL";"1783.25";"No"
CUST10190;"Male";"29";"22";"64.03";"One year";"Mailed check";"No";"1538.16";"No"
CUST10191;"Male";"43";"27";"81.53";"Month-to-month";"Credit card";"No";"2255.73";"No"
CUST10192;"Male";"63";"67";"28.35";"Month-to-month";"Bank transfer";"DSL";"1984.03";"No"
CUST10193;"Male";"51";"56";"108.24";"Month-to-month";"Bank transfer";"No";"6112.85";"No"
CUST10194;"Male";"66";"21";"100.36";"Month-to-month";"Electronic check";"No";"2061.44";"Yes"
CUST10195;"Female";"31";"47";"70.52";"Month-to-month";"Credit card";"Fiber optic";"3390.1";"No"
CUST10196;"Female";"43";"59";"116.71";"Month-to-month";"Electronic check";"DSL";"6746.44";"Yes"
CUST10197;"Female";"62";"6";"61.78";"Month-to-month";"Credit card";"Fiber optic";"476.07";"Yes"
CUST10198;"Male";"44";"19";"118.41";"One year";"Credit card";"No";"2130.34";"No"
CUST10199;"Male";"26";"57";"86.79";"One year";"Mailed check";"Fiber optic";"4975.61";"No"
CUST10200;"Male";"43";"69";"83.47";"One year";"Mailed check";"DSL";"5674.91";"No"
CUST10201;"Female";"74";"3";"36.6";"Month-to-month";"Electronic check";"Fiber optic";"165.14";"Yes"
CUST10202;"Male";"64";"1";"108.19";"Two year";"Credit card";"Fiber optic";"108.19";"No"
CUST10203;"Male";"74";"58";"62.75";"Two year";"Bank transfer";"Fiber optic";"3480.02";"No"
CUST10204;"Female";"39";"38";"36.22";"Two year";"Mailed check";"DSL";"1418.43";"No"
CUST10205;"Male";"64";"15";"21.26";"Two year";"Bank transfer";"DSL";"261.11";"Yes"
CUST10206;"Female";"73";"34";"75.98";"Two year";"Electronic check";"No";"2671.43";"No"
CUST10207;"Female";"47";"61";"72.74";"Month-to-month";"Mailed check";"No";"4437.27";"No"
CUST10208;"Female";"60";"35";"91.94";"Month-to-month";"Mailed check";"DSL";"3257.44";"Yes"
CUST10209;"Male";"65";"64";"109.03";"One year";"Credit card";"No";"6882.16";"No"
CUST10210;"Male";"34";"25";"27.94";"One year";"Electronic check";"DSL";"639.57";"Yes"
CUST10211;"Male";"43";"24";"93.15";"One year";"Credit card";"Fiber optic";"2189.74";"No"
CUST10212;"Male";"53";"12";"38.74";"Month-to-month";"Mailed check";"Fiber optic";"550.55";"Yes"
CUST10213;"Male";"18";"18";"105.82";"Month-to-month";"Electronic check";"No";"2072.5";"Yes"
CUST10214;"Male";"25";"15";"101.91";"Month-to-month";"Mailed check";"No";"1448.13";"Yes"
CUST10215;"Male";"66";"27";"74.08";"Two year";"Electronic check";"DSL";"2107.84";"No"
CUST10216;"Female";"52";"72";"91.02";"One year";"Mailed check";"No";"6353.44";"No"
CUST10217;"Male";"69";"60";"51.44";"Month-to-month";"Bank transfer";"DSL";"2966.98";"No"
CUST10218;"Female";"32";"46";"67.12";"Month-to-month";"Bank transfer";"Fiber optic";"2991.64";"No"
CUST10219;"Male";"64";"17";"102.16";"Month-to-month";"Credit card";"Fiber optic";"1601.47";"No"
CUST10220;"Male";"73";"53";"65.93";"Two year";"Bank transfer";"Fiber optic";"3335.93";"No"
CUST10221;"Male";"39";"8";"55.78";"One year";"Mailed check";"DSL";"487.54";"Yes"
CUST10222;"Female";"31";"27";"69.42";"One year";"Mailed check";"No";"1852.93";"No"
CUST10223;"Female";"43";"46";"102.82";"Month-to-month";"Bank transfer";"DSL";"4767.66";"Yes"
CUST10224;"Female";"45";"50";"53.52";"One year";"Credit card";"DSL";"2745.05";"No"
CUST10225;"Female";"40";"71";"37.38";"Month-to-month";"Bank transfer";"Fiber optic";"2680.54";"No"
CUST10226;"Male";"31";"3";"91.2";"One year";"Electronic check";"Fiber optic";"339.38";"No"
CUST10227;"Female";"41";"64";"102.6";"Month-to-month";"Electronic check";"No";"6559.45";"No"
CUST10228;"Male";"19";"44";"30.06";"Month-to-month";"Electronic check";"Fiber optic";"1203.94";"No"
CUST10229;"Male";"62";"53";"43.99";"One year";"Bank transfer";"DSL";"2437.25";"Yes"
CUST10230;"Female";"43";"24";"34.2";"Two year";"Bank transfer";"No";"761.89";"No"
CUST10231;"Female";"31";"60";"54.79";"Month-to-month";"Bank transfer";"Fiber optic";"3193.84";"No"
CUST10232;"Female";"73";"3";"65.04";"Two year";"Electronic check";"DSL";"177.33";"No"
CUST10233;"Female";"68";"20";"94.88";"Month-to-month";"Credit card";"Fiber optic";"1806.32";"Yes"
CUST10234;"Female";"24";"46";"85.11";"Month-to-month";"Mailed check";"Fiber optic";"3873.32";"Yes"
CUST10235;"Female";"20";"15";"82.09";"Month-to-month";"Bank transfer";"Fiber optic";"1265.76";"No"
CUST10236;"Female";"64";"25";"55.24";"Month-to-month";"Credit card";"Fiber optic";"1415.83";"No"
CUST10237;"Female";"40";"71";"104.14";"Month-to-month";"Mailed check";"No";"7304.16";"No"
CUST10238;"Male";"63";"17";"67.13";"Month-to-month";"Mailed check";"No";"1092.44";"Yes"
CUST10239;"Female";"60";"9";"117.91";"Month-to-month";"Mailed check";"Fiber optic";"1168.62";"Yes"
CUST10240;"Female";"64";"38";"83.41";"Two year";"Credit card";"DSL";"3219.22";"No"
CUST10241;"Male";"62";"48";"32.63";"Month-to-month";"Credit card";"No";"1766.24";"Yes"
CUST10242;"Female";"35";"60";"87.62";"One year";"Electronic check";"Fiber optic";"5375.21";"No"
CUST10243;"Male";"55";"63";"52.51";"Month-to-month";"Credit card";"Fiber optic";"3422.56";"No"
CUST10244;"Male";"52";"2";"88.63";"One year";"Credit card";"Fiber optic";"88.63";"Yes"
CUST10245;"Female";"68";"72";"26.96";"Month-to-month";"Credit card";"No";"2017.51";"No"
CUST10246;"Male";"32";"11";"37.49";"Month-to-month";"Mailed check";"Fiber optic";"407.08";"No"
CUST10247;"Male";"42";"64";"105.57";"Month-to-month";"Bank transfer";"DSL";"6701.38";"No"
CUST10248;"Male";"72";"72";"42.72";"Month-to-month";"Electronic check";"Fiber optic";"3092.64";"No"
CUST10249;"Male";"54";"21";"103.7";"Month-to-month";"Bank transfer";"No";"2272.22";"No"
CUST10250;"Female";"45";"18";"47.93";"One year";"Bank transfer";"DSL";"912.82";"No"
CUST10251;"Male";"27";"64";"84.29";"Two year";"Credit card";"No";"5306.71";"Yes"
CUST10252;"Female";"56";"38";"89.42";"Two year";"Electronic check";"Fiber optic";"3472.21";"No"
CUST10253;"Male";"74";"32";"71.27";"One year";"Bank transfer";"Fiber optic";"2216.88";"No"
CUST10254;"Male";"34";"11";"50.53";"Month-to-month";"Bank transfer";"DSL";"577.5";"Yes"
CUST10255;"Male";"56";"45";"41.26";"Month-to-month";"Electronic check";"DSL";"1826.36";"Yes"
CUST10256;"Male";"39";"33";"23.32";"Month-to-month";"Credit card";"No";"747.67";"No"
CUST10257;"Female";"43";"41";"50.39";"Month-to-month";"Bank transfer";"DSL";"2142.61";"Yes"
CUST10258;"Female";"61";"8";"85.32";"Month-to-month";"Mailed check";"Fiber optic";"578.54";"No"
CUST10259;"Male";"42";"11";"113.83";"Month-to-month";"Bank transfer";"Fiber optic";"1446.65";"Yes"
CUST10260;"Male";"34";"51";"107.12";"Month-to-month";"Mailed check";"DSL";"5281.01";"No"
CUST10261;"Female";"30";"41";"96.61";"Month-to-month";"Credit card";"DSL";"3901.24";"Yes"
CUST10262;"Male";"37";"17";"98.84";"Two year";"Bank transfer";"Fiber optic";"1717.3";"No"
CUST10263;"Male";"42";"46";"86.5";"One year";"Electronic check";"No";"4037.43";"No"
CUST10264;"Male";"21";"32";"46.03";"Month-to-month";"Electronic check";"Fiber optic";"1462.91";"No"
CUST10265;"Female";"27";"54";"110.72";"Two year";"Bank transfer";"Fiber optic";"5973.14";"No"
CUST10266;"Female";"20";"20";"87.07";"Two year";"Credit card";"DSL";"1782.46";"No"
CUST10267;"Female";"58";"33";"76.04";"Month-to-month";"Credit card";"Fiber optic";"2486.21";"No"
CUST10268;"Male";"62";"40";"31.1";"Month-to-month";"Electronic check";"Fiber optic";"1383.32";"No"
CUST10269;"Male";"35";"32";"64.71";"Month-to-month";"Bank transfer";"No";"2154.65";"No"
CUST10270;"Female";"64";"2";"66.04";"Two year";"Credit card";"Fiber optic";"219.36";"No"
CUST10271;"Female";"53";"33";"106.46";"Two year";"Electronic check";"Fiber optic";"3416.56";"No"
CUST10272;"Female";"64";"30";"74.66";"Month-to-month";"Mailed check";"DSL";"2231.86";"Yes"
CUST10273;"Female";"39";"33";"58.04";"Month-to-month";"Bank transfer";"No";"1885.27";"Yes"
CUST10274;"Male";"51";"26";"117.68";"One year";"Mailed check";"DSL";"2959.12";"No"
CUST10275;"Female";"64";"22";"31.07";"Month-to-month";"Mailed check";"DSL";"719.56";"No"
CUST10276;"Male";"25";"66";"62.25";"Month-to-month";"Credit card";"Fiber optic";"4054.74";"No"
CUST10277;"Female";"57";"38";"24.2";"Two year";"Credit card";"Fiber optic";"985.14";"No"
CUST10278;"Male";"66";"46";"93.99";"One year";"Credit card";"Fiber optic";"4216.52";"Yes"
CUST10279;"Female";"61";"15";"111.81";"Two year";"Bank transfer";"Fiber optic";"1849.05";"No"
CUST10280;"Female";"36";"44";"48.0";"Two year";"Mailed check";"Fiber optic";"2022.37";"Yes"
CUST10281;"Female";"59";"49";"105.83";"One year";"Bank transfer";"DSL";"5207.6";"No"
CUST10282;"Female";"58";"61";"49.22";"Month-to-month";"Credit card";"No";"3081.61";"No"
CUST10283;"Male";"54";"67";"111.08";"One year";"Mailed check";"Fiber optic";"7385.3";"No"
CUST10284;"Female";"23";"6";"95.4";"Month-to-month";"Bank transfer";"Fiber optic";"657.65";"No"
CUST10285;"Male";"69";"9";"100.49";"One year";"Bank transfer";"Fiber optic";"781.49";"No"
CUST10286;"Male";"43";"6";"21.8";"Month-to-month";"Electronic check";"DSL";"276.01";"No"
CUST10287;"Male";"51";"32";"116.28";"One year";"Bank transfer";"Fiber optic";"3722.37";"Yes"
CUST10288;"Male";"73";"41";"92.67";"Month-to-month";"Credit card";"Fiber optic";"3739.83";"Yes"
CUST10289;"Female";"62";"8";"50.48";"Month-to-month";"Bank transfer";"DSL";"373.92";"No"
CUST10290;"Male";"23";"72";"102.94";"Month-to-month";"Mailed check";"Fiber optic";"7492.57";"No"
CUST10291;"Male";"54";"50";"48.15";"Month-to-month";"Bank transfer";"No";"2349.05";"No"
CUST10292;"Male";"74";"62";"107.28";"One year";"Electronic check";"Fiber optic";"6576.42";"No"
CUST10293;"Female";"50";"62";"31.26";"One year";"Mailed check";"No";"1915.97";"No"
CUST10294;"Female";"70";"7";"90.37";"Month-to-month";"Mailed check";"DSL";"514.89";"Yes"
CUST10295;"Female";"39";"4";"74.07";"Month-to-month";"Electronic check";"DSL";"478.33";"Yes"
CUST10296;"Female";"38";"6";"29.65";"Month-to-month";"Credit card";"DSL";"121.26";"Yes"
CUST10297;"Male";"23";"58";"44.19";"Month-to-month";"Mailed check";"Fiber optic";"2646.18";"Yes"
CUST10298;"Male";"23";"22";"21.24";"Month-to-month";"Credit card";"DSL";"488.23";"No"
CUST10299;"Female";"72";"26";"66.88";"Two year";"Mailed check";"DSL";"1640.43";"No"
CUST10300;"Male";"65";"3";"50.13";"Month-to-month";"Mailed check";"No";"149.79";"Yes"
CUST10301;"Male";"21";"41";"79.84";"Month-to-month";"Credit card";"No";"3351.84";"Yes"
CUST10302;"Male";"47";"60";"49.72";"Month-to-month";"Mailed check";"Fiber optic";"2964.37";"No"
CUST10303;"Female";"28";"14";"49.99";"Month-to-month";"Credit card";"DSL";"819.17";"No"
CUST10304;"Female";"47";"12";"94.32";"Month-to-month";"Electronic check";"DSL";"1233.99";"No"
CUST10305;"Male";"48";"12";"24.81";"One year";"Credit card";"DSL";"389.61";"No"
CUST10306;"Female";"41";"13";"110.29";"Month-to-month";"Electronic check";"Fiber optic";"1387.8";"Yes"
CUST10307;"Female";"72";"25";"105.23";"Month-to-month";"Mailed check";"No";"2522.77";"No"
CUST10308;"Female";"26";"45";"86.78";"Month-to-month";"Credit card";"Fiber optic";"3843.74";"Yes"
CUST10309;"Female";"72";"19";"79.32";"Month-to-month";"Mailed check";"DSL";"1526.7";"Yes"
CUST10310;"Female";"20";"55";"109.23";"Month-to-month";"Credit card";"Fiber optic";"6062.23";"No"
CUST10311;"Male";"68";"45";"38.53";"Two year";"Electronic check";"DSL";"1533.85";"No"
CUST10312;"Female";"48";"8";"27.9";"One year";"Electronic check";"Fiber optic";"222.39";"No"
CUST10313;"Male";"57";"53";"43.95";"One year";"Credit card";"Fiber optic";"2345.16";"No"
CUST10314;"Male";"54";"55";"99.46";"Month-to-month";"Electronic check";"Fiber optic";"5442.55";"No"
CUST10315;"Female";"53";"32";"23.47";"Month-to-month";"Mailed check";"DSL";"880.17";"Yes"
CUST10316;"Male";"41";"51";"78.28";"Month-to-month";"Mailed check";"DSL";"4034.46";"No"
CUST10317;"Male";"48";"44";"119.54";"One year";"Bank transfer";"No";"5390.78";"No"
CUST10318;"Male";"23";"70";"105.57";"One year";"Electronic check";"DSL";"7368.3";"No"
CUST10319;"Female";"19";"18";"72.14";"Month-to-month";"Mailed check";"DSL";"1392.27";"No"
CUST10320;"Female";"37";"22";"26.36";"Month-to-month";"Credit card";"DSL";"743.43";"No"
CUST10321;"Male";"45";"37";"103.14";"Month-to-month";"Electronic check";"DSL";"3947.35";"Yes"
CUST10322;"Female";"28";"56";"79.9";"Two year";"Mailed check";"Fiber optic";"4365.19";"No"
CUST10323;"Female";"21";"59";"31.49";"One year";"Electronic check";"No";"1832.54";"No"
CUST10324;"Female";"32";"3";"29.39";"Month-to-month";"Credit card";"DSL";"53.65";"Yes"
CUST10325;"Female";"23";"28";"110.96";"Month-to-month";"Mailed check";"Fiber optic";"3155.81";"Yes"
CUST10326;"Male";"71";"35";"86.92";"One year";"Bank transfer";"Fiber optic";"3110.84";"No"
CUST10327;"Male";"66";"61";"102.93";"Month-to-month";"Bank transfer";"Fiber optic";"6194.84";"No"
CUST10328;"Female";"47";"54";"107.9";"Month-to-month";"Electronic check";"No";"5833.38";"No"
CUST10329;"Female";"73";"63";"77.18";"Month-to-month";"Credit card";"No";"4662.34";"No"
CUST10330;"Male";"55";"7";"71.74";"One year";"Mailed check";"DSL";"646.37";"No"
CUST10331;"Male";"68";"49";"63.04";"Month-to-month";"Credit card";"Fiber optic";"3037.72";"No"
CUST10332;"Female";"74";"31";"51.69";"Month-to-month";"Mailed check";"Fiber optic";"1607.98";"No"
CUST10333;"Male";"19";"58";"63.46";"Two year";"Electronic check";"No";"3649.72";"No"
CUST10334;"Female";"32";"61";"97.39";"Month-to-month";"Mailed check";"Fiber optic";"6055.39";"Yes"
CUST10335;"Female";"28";"24";"80.19";"Month-to-month";"Credit card";"No";"1724.56";"No"
CUST10336;"Male";"25";"20";"109.25";"Month-to-month";"Credit card";"Fiber optic";"2183.34";"Yes"
CUST10337;"Male";"43";"37";"64.34";"Month-to-month";"Electronic check";"DSL";"2370.0";"Yes"
CUST10338;"Female";"68";"4";"80.71";"One year";"Credit card";"Fiber optic";"277.48";"No"
CUST10339;"Female";"62";"20";"83.13";"Month-to-month";"Mailed check";"No";"1835.22";"Yes"
CUST10340;"Male";"61";"60";"79.17";"Month-to-month";"Electronic check";"No";"4661.47";"No"
CUST10341;"Female";"22";"24";"90.26";"One year";"Mailed check";"DSL";"2243.42";"No"
CUST10342;"Male";"23";"50";"43.74";"One year";"Credit card";"Fiber optic";"2222.63";"No"
CUST10343;"Female";"43";"49";"71.24";"One year";"Electronic check";"DSL";"3616.91";"No"
CUST10344;"Male";"71";"51";"30.42";"Month-to-month";"Mailed check";"DSL";"1484.7";"No"
CUST10345;"Male";"21";"36";"58.45";"Month-to-month";"Credit card";"Fiber optic";"2030.9";"No"
CUST10346;"Male";"36";"66";"68.77";"One year";"Credit card";"DSL";"4648.43";"No"
CUST10347;"Female";"37";"34";"85.22";"Month-to-month";"Bank transfer";"No";"2940.01";"No"
CUST10348;"Female";"50";"36";"115.05";"Two year";"Credit card";"DSL";"3987.31";"No"
CUST10349;"Male";"37";"6";"80.07";"Two year";"Mailed check";"No";"426.49";"No"
CUST10350;"Female";"66";"39";"94.36";"Two year";"Electronic check";"DSL";"3718.68";"No"
CUST10351;"Male";"29";"42";"70.63";"Month-to-month";"Bank transfer";"DSL";"3050.24";"Yes"
CUST10352;"Male";"64";"58";"83.41";"Month-to-month";"Credit card";"DSL";"4769.86";"No"
CUST10353;"Female";"18";"12";"27.09";"One year";"Credit card";"DSL";"125.08";"No"
CUST10354;"Female";"43";"3";"45.44";"Month-to-month";"Credit card";"DSL";"188.64";"No"
CUST10355;"Male";"31";"18";"56.19";"Month-to-month";"Mailed check";"DSL";"889.39";"Yes"
CUST10356;"Female";"55";"40";"67.25";"Two year";"Bank transfer";"Fiber optic";"2490.0";"No"
CUST10357;"Female";"54";"21";"24.56";"Two year";"Mailed check";"DSL";"315.76";"No"
CUST10358;"Male";"28";"15";"34.0";"Month-to-month";"Bank transfer";"Fiber optic";"591.4";"No"
CUST10359;"Male";"53";"26";"47.68";"Month-to-month";"Electronic check";"Fiber optic";"1252.54";"No"
CUST10360;"Female";"30";"8";"117.15";"Month-to-month";"Mailed check";"No";"914.63";"No"
CUST10361;"Male";"60";"42";"53.13";"Two year";"Mailed check";"No";"2370.36";"No"
CUST10362;"Male";"20";"44";"68.2";"Two year";"Electronic check";"Fiber optic";"3064.53";"No"
CUST10363;"Female";"50";"14";"39.61";"Month-to-month";"Bank transfer";"DSL";"716.17";"Yes"
CUST10364;"Male";"23";"2";"81.08";"Month-to-month";"Credit card";"DSL";"81.08";"No"
CUST10365;"Male";"67";"37";"48.07";"Two year";"Electronic check";"No";"1775.13";"No"
CUST10366;"Female";"73";"69";"40.7";"Month-to-month";"Credit card";"DSL";"2646.63";"No"
CUST10367;"Female";"27";"38";"71.66";"Month-to-month";"Credit card";"DSL";"2700.14";"No"
CUST10368;"Male";"22";"41";"20.55";"Two year";"Electronic check";"DSL";"817.69";"No"
CUST10369;"Male";"40";"62";"20.77";"Month-to-month";"Bank transfer";"DSL";"1350.4";"No"
CUST10370;"Female";"27";"60";"41.91";"One year";"Credit card";"DSL";"2519.16";"No"
CUST10371;"Female";"61";"14";"23.67";"Month-to-month";"Electronic check";"Fiber optic";"393.72";"No"
CUST10372;"Female";"19";"2";"30.8";"Month-to-month";"Mailed check";"DSL";"131.94";"Yes"
CUST10373;"Female";"30";"70";"53.89";"Two year";"Mailed check";"Fiber optic";"3972.3";"No"
CUST10374;"Male";"57";"17";"100.26";"Month-to-month";"Mailed check";"DSL";"1672.89";"Yes"
CUST10375;"Female";"19";"28";"77.2";"Two year";"Electronic check";"DSL";"2067.5";"No"
CUST10376;"Female";"37";"66";"71.27";"One year";"Mailed check";"No";"4728.43";"No"
CUST10377;"Male";"18";"35";"49.35";"Month-to-month";"Credit card";"DSL";"1647.02";"Yes"
CUST10378;"Female";"54";"5";"113.18";"Month-to-month";"Mailed check";"No";"714.1";"Yes"
CUST10379;"Male";"26";"65";"59.7";"Month-to-month";"Mailed check";"Fiber optic";"3852.18";"No"
CUST10380;"Female";"34";"40";"28.71";"Month-to-month";"Credit card";"DSL";"1091.84";"No"
CUST10381;"Female";"26";"56";"81.71";"Month-to-month";"Mailed check";"No";"4528.63";"Yes"
CUST10382;"Female";"28";"36";"31.38";"Month-to-month";"Credit card";"DSL";"1201.52";"No"
CUST10383;"Male";"32";"45";"54.52";"Month-to-month";"Mailed check";"No";"2437.63";"Yes"
CUST10384;"Male";"41";"23";"70.74";"One year";"Credit card";"DSL";"1562.85";"No"
CUST10385;"Female";"55";"47";"107.42";"One year";"Mailed check";"No";"5215.28";"No"
CUST10386;"Male";"72";"31";"69.35";"One year";"Credit card";"DSL";"2064.23";"No"
CUST10387;"Male";"52";"11";"90.23";"Month-to-month";"Electronic check";"Fiber optic";"996.09";"No"
CUST10388;"Male";"47";"10";"119.28";"Month-to-month";"Credit card";"Fiber optic";"1258.03";"Yes"
CUST10389;"Male";"48";"67";"33.15";"One year";"Mailed check";"No";"2057.92";"No"
CUST10390;"Male";"66";"14";"47.47";"Month-to-month";"Mailed check";"No";"712.61";"No"
CUST10391;"Male";"22";"10";"59.46";"Month-to-month";"Bank transfer";"No";"489.09";"No"
CUST10392;"Female";"61";"1";"62.18";"Two year";"Credit card";"No";"144.46";"No"
CUST10393;"Female";"67";"5";"61.1";"One year";"Electronic check";"DSL";"209.23";"Yes"
CUST10394;"Male";"31";"20";"110.76";"Month-to-month";"Credit card";"DSL";"2284.48";"No"
CUST10395;"Female";"70";"8";"91.4";"Month-to-month";"Credit card";"DSL";"841.78";"No"
CUST10396;"Female";"73";"43";"80.79";"One year";"Electronic check";"Fiber optic";"3560.11";"No"
CUST10397;"Female";"28";"1";"50.94";"One year";"Credit card";"Fiber optic";"76.07";"Yes"
CUST10398;"Female";"26";"57";"102.38";"One year";"Electronic check";"Fiber optic";"5812.53";"Yes"
CUST10399;"Male";"51";"64";"115.51";"One year";"Electronic check";"DSL";"7335.0";"No"
CUST10400;"Female";"29";"28";"102.12";"Two year";"Credit card";"Fiber optic";"3006.46";"No"
CUST10401;"Female";"52";"37";"20.16";"Month-to-month";"Credit card";"DSL";"675.97";"Yes"
CUST10402;"Male";"52";"47";"83.64";"Month-to-month";"Mailed check";"DSL";"3827.37";"No"
CUST10403;"Male";"18";"37";"25.11";"One year";"Mailed check";"Fiber optic";"995.61";"No"
CUST10404;"Female";"57";"49";"45.76";"One year";"Bank transfer";"Fiber optic";"2162.63";"No"
CUST10405;"Female";"39";"44";"25.95";"One year";"Bank transfer";"Fiber optic";"1046.79";"Yes"
CUST10406;"Female";"46";"56";"80.38";"Month-to-month";"Credit card";"Fiber optic";"4356.92";"Yes"
CUST10407;"Female";"25";"28";"88.66";"Month-to-month";"Electronic check";"DSL";"2434.19";"No"
CUST10408;"Female";"28";"6";"31.45";"Two year";"Bank transfer";"Fiber optic";"180.43";"Yes"
CUST10409;"Female";"58";"61";"58.38";"One year";"Credit card";"DSL";"3585.49";"No"
CUST10410;"Male";"54";"20";"65.62";"Two year";"Bank transfer";"Fiber optic";"1407.53";"No"
CUST10411;"Female";"31";"2";"56.91";"One year";"Electronic check";"Fiber optic";"166.51";"No"
CUST10412;"Female";"47";"37";"32.1";"One year";"Credit card";"DSL";"1168.61";"No"
CUST10413;"Male";"52";"20";"61.89";"One year";"Electronic check";"DSL";"1217.98";"Yes"
CUST10414;"Male";"38";"26";"95.12";"Two year";"Credit card";"No";"2524.14";"Yes"
CUST10415;"Male";"54";"29";"27.1";"One year";"Bank transfer";"No";"913.16";"No"
CUST10416;"Male";"22";"1";"28.02";"One year";"Mailed check";"Fiber optic";"40.65";"No"
CUST10417;"Female";"36";"35";"55.48";"Month-to-month";"Bank transfer";"DSL";"1894.89";"No"
CUST10418;"Female";"31";"70";"114.17";"Month-to-month";"Bank transfer";"DSL";"7892.61";"No"
CUST10419;"Female";"43";"59";"86.86";"One year";"Mailed check";"Fiber optic";"4980.22";"No"
CUST10420;"Female";"21";"69";"87.87";"Month-to-month";"Mailed check";"No";"6129.66";"No"
CUST10421;"Female";"42";"33";"56.19";"Month-to-month";"Credit card";"DSL";"1912.07";"Yes"
CUST10422;"Female";"62";"51";"79.37";"Month-to-month";"Credit card";"Fiber optic";"4105.61";"No"
CUST10423;"Male";"59";"12";"21.01";"Month-to-month";"Electronic check";"DSL";"239.25";"No"
CUST10424;"Female";"42";"20";"83.61";"Month-to-month";"Electronic check";"No";"1812.89";"No"
CUST10425;"Male";"35";"53";"111.33";"Month-to-month";"Bank transfer";"Fiber optic";"5852.08";"Yes"
CUST10426;"Male";"57";"43";"81.26";"Two year";"Mailed check";"Fiber optic";"3589.71";"No"
CUST10427;"Female";"25";"50";"107.37";"Month-to-month";"Electronic check";"DSL";"5364.63";"No"
CUST10428;"Male";"56";"29";"92.4";"Month-to-month";"Bank transfer";"Fiber optic";"2618.76";"No"
CUST10429;"Female";"57";"57";"32.06";"Month-to-month";"Mailed check";"DSL";"1886.67";"Yes"
CUST10430;"Male";"31";"39";"110.25";"One year";"Credit card";"DSL";"4340.71";"No"
CUST10431;"Female";"49";"56";"26.64";"Month-to-month";"Bank transfer";"No";"1527.54";"No"
CUST10432;"Male";"68";"43";"73.4";"Two year";"Credit card";"No";"3164.33";"No"
CUST10433;"Female";"55";"50";"34.21";"One year";"Electronic check";"No";"1706.71";"No"
CUST10434;"Female";"50";"23";"21.17";"One year";"Electronic check";"Fiber optic";"686.91";"Yes"
CUST10435;"Female";"40";"44";"62.2";"Month-to-month";"Mailed check";"No";"2855.23";"No"
CUST10436;"Female";"32";"38";"49.5";"One year";"Bank transfer";"DSL";"1953.28";"No"
CUST10437;"Female";"50";"23";"68.6";"Month-to-month";"Credit card";"DSL";"1588.98";"No"
CUST10438;"Male";"42";"45";"77.72";"Two year";"Mailed check";"DSL";"3598.12";"No"
CUST10439;"Male";"34";"52";"24.37";"One year";"Electronic check";"Fiber optic";"1319.04";"No"
CUST10440;"Male";"50";"50";"32.3";"Month-to-month";"Electronic check";"Fiber optic";"1617.62";"No"
CUST10441;"Female";"64";"8";"75.86";"Month-to-month";"Bank transfer";"DSL";"576.52";"Yes"
CUST10442;"Male";"72";"1";"54.32";"Month-to-month";"Credit card";"Fiber optic";"54.32";"Yes"
CUST10443;"Female";"19";"8";"92.92";"One year";"Bank transfer";"No";"543.36";"No"
CUST10444;"Female";"31";"29";"85.23";"Month-to-month";"Credit card";"Fiber optic";"2492.73";"No"
CUST10445;"Male";"70";"5";"104.56";"One year";"Credit card";"DSL";"473.95";"No"
CUST10446;"Male";"57";"47";"89.25";"Month-to-month";"Bank transfer";"DSL";"4354.02";"No"
CUST10447;"Female";"57";"34";"62.99";"One year";"Mailed check";"DSL";"2143.59";"Yes"
CUST10448;"Male";"68";"65";"87.3";"Two year";"Bank transfer";"DSL";"5555.6";"No"
CUST10449;"Female";"56";"55";"47.54";"One year";"Bank transfer";"Fiber optic";"2609.71";"No"
CUST10450;"Female";"68";"43";"50.63";"One year";"Electronic check";"Fiber optic";"2072.48";"No"
CUST10451;"Female";"23";"30";"98.9";"Month-to-month";"Electronic check";"Fiber optic";"3014.34";"Yes"
CUST10452;"Female";"23";"17";"64.64";"Month-to-month";"Bank transfer";"Fiber optic";"1127.97";"No"
CUST10453;"Female";"20";"26";"99.84";"One year";"Bank transfer";"No";"2691.62";"No"
CUST10454;"Male";"24";"8";"102.24";"Month-to-month";"Electronic check";"DSL";"738.83";"No"
CUST10455;"Male";"68";"47";"105.76";"Month-to-month";"Credit card";"Fiber optic";"4974.12";"Yes"
CUST10456;"Female";"25";"72";"111.66";"Month-to-month";"Bank transfer";"No";"7903.02";"No"
CUST10457;"Female";"59";"46";"63.1";"Month-to-month";"Mailed check";"DSL";"2972.75";"No"
CUST10458;"Male";"69";"68";"51.89";"Month-to-month";"Mailed check";"DSL";"3580.41";"No"
CUST10459;"Male";"32";"33";"78.22";"Two year";"Mailed check";"No";"2630.84";"Yes"
CUST10460;"Female";"64";"1";"57.12";"Month-to-month";"Bank transfer";"DSL";"57.28";"No"
CUST10461;"Male";"46";"19";"80.11";"One year";"Credit card";"Fiber optic";"1563.57";"No"
CUST10462;"Female";"50";"31";"90.56";"Month-to-month";"Credit card";"DSL";"2967.79";"Yes"
CUST10463;"Male";"69";"14";"88.84";"One year";"Electronic check";"Fiber optic";"1215.25";"No"
CUST10464;"Female";"47";"53";"57.46";"Month-to-month";"Bank transfer";"DSL";"3059.24";"No"
CUST10465;"Male";"56";"48";"36.69";"Two year";"Credit card";"DSL";"1652.51";"No"
CUST10466;"Female";"44";"69";"63.05";"Two year";"Bank transfer";"Fiber optic";"4263.62";"No"
CUST10467;"Male";"53";"62";"34.26";"Month-to-month";"Electronic check";"DSL";"2133.9";"No"
CUST10468;"Male";"46";"66";"109.01";"Two year";"Electronic check";"Fiber optic";"7305.05";"No"
CUST10469;"Female";"55";"64";"54.59";"Two year";"Electronic check";"DSL";"3468.13";"No"
CUST10470;"Male";"74";"70";"35.45";"Two year";"Mailed check";"DSL";"2457.91";"No"
CUST10471;"Female";"50";"63";"22.54";"Two year";"Bank transfer";"DSL";"1379.33";"No"
CUST10472;"Male";"54";"33";"84.58";"Month-to-month";"Electronic check";"DSL";"2737.66";"No"
CUST10473;"Female";"44";"41";"83.69";"One year";"Bank transfer";"No";"3460.79";"Yes"
CUST10474;"Male";"72";"48";"54.06";"Month-to-month";"Mailed check";"DSL";"2445.15";"No"
CUST10475;"Female";"50";"13";"27.17";"Month-to-month";"Mailed check";"Fiber optic";"481.3";"No"
CUST10476;"Male";"21";"31";"60.96";"Two year";"Electronic check";"DSL";"1823.22";"No"
CUST10477;"Female";"39";"68";"51.12";"Month-to-month";"Electronic check";"DSL";"3548.35";"No"
CUST10478;"Male";"19";"4";"87.71";"One year";"Credit card";"No";"223.84";"No"
CUST10479;"Female";"27";"19";"80.58";"Two year";"Bank transfer";"DSL";"1597.9";"No"
CUST10480;"Female";"22";"70";"56.46";"Two year";"Electronic check";"No";"4019.39";"No"
CUST10481;"Female";"27";"13";"41.79";"Two year";"Credit card";"DSL";"581.69";"No"
CUST10482;"Male";"50";"23";"118.8";"Month-to-month";"Bank transfer";"Fiber optic";"2632.96";"Yes"
CUST10483;"Female";"71";"1";"65.4";"Month-to-month";"Electronic check";"Fiber optic";"90.35";"Yes"
CUST10484;"Male";"55";"54";"88.83";"Month-to-month";"Credit card";"No";"4678.51";"No"
CUST10485;"Female";"30";"71";"34.06";"Month-to-month";"Credit card";"Fiber optic";"2392.98";"No"
CUST10486;"Male";"48";"15";"68.56";"Month-to-month";"Bank transfer";"Fiber optic";"1131.34";"Yes"
CUST10487;"Female";"64";"65";"22.75";"Month-to-month";"Credit card";"DSL";"1558.42";"No"
CUST10488;"Male";"53";"71";"70.55";"One year";"Bank transfer";"DSL";"5010.57";"No"
CUST10489;"Male";"62";"15";"116.4";"One year";"Bank transfer";"No";"1648.52";"No"
CUST10490;"Female";"41";"21";"58.42";"Month-to-month";"Bank transfer";"DSL";"1291.38";"No"
CUST10491;"Male";"69";"19";"23.9";"One year";"Mailed check";"Fiber optic";"456.04";"No"
CUST10492;"Male";"73";"60";"23.1";"Month-to-month";"Credit card";"Fiber optic";"1186.0";"No"
CUST10493;"Female";"32";"33";"58.8";"Month-to-month";"Bank transfer";"DSL";"2018.66";"No"
CUST10494;"Male";"46";"49";"36.0";"One year";"Electronic check";"No";"1761.58";"No"
CUST10495;"Male";"25";"35";"22.34";"One year";"Mailed check";"Fiber optic";"902.15";"No"
CUST10496;"Male";"22";"44";"95.62";"One year";"Mailed check";"Fiber optic";"4097.75";"No"
CUST10497;"Female";"46";"11";"65.85";"Month-to-month";"Credit card";"No";"524.35";"No"
CUST10498;"Male";"64";"72";"48.92";"Two year";"Bank transfer";"DSL";"3550.15";"No"
CUST10499;"Female";"21";"66";"110.01";"One year";"Credit card";"DSL";"7289.82";"No"
CUST10500;"Male";"29";"46";"31.61";"One year";"Mailed check";"Fiber optic";"1284.99";"No"
CUST10501;"Male";"62";"9";"115.59";"One year";"Bank transfer";"DSL";"942.46";"Yes"
CUST10502;"Male";"19";"3";"51.4";"Two year";"Electronic check";"Fiber optic";"354.2";"No"
CUST10503;"Female";"44";"26";"108.84";"One year";"Bank transfer";"No";"2799.28";"No"
CUST10504;"Male";"48";"72";"80.29";"One year";"Mailed check";"Fiber optic";"5853.98";"No"
CUST10505;"Male";"68";"48";"102.67";"Two year";"Electronic check";"DSL";"4863.09";"No"
CUST10506;"Female";"68";"66";"118.4";"One year";"Bank transfer";"No";"7614.4";"No"
CUST10507;"Male";"53";"70";"48.84";"Month-to-month";"Electronic check";"Fiber optic";"3401.77";"No"
CUST10508;"Female";"53";"28";"116.11";"One year";"Electronic check";"Fiber optic";"3224.52";"Yes"
CUST10509;"Female";"43";"26";"58.95";"Month-to-month";"Mailed check";"Fiber optic";"1492.71";"Yes"
CUST10510;"Male";"60";"25";"58.55";"Month-to-month";"Electronic check";"No";"1452.29";"No"
CUST10511;"Female";"44";"12";"54.04";"One year";"Credit card";"Fiber optic";"674.91";"Yes"
CUST10512;"Male";"22";"5";"74.14";"Two year";"Mailed check";"Fiber optic";"355.69";"No"
CUST10513;"Female";"37";"48";"35.41";"Two year";"Credit card";"No";"1573.28";"No"
CUST10514;"Female";"28";"37";"75.37";"Month-to-month";"Electronic check";"DSL";"2837.31";"Yes"
CUST10515;"Male";"27";"44";"74.17";"Month-to-month";"Credit card";"Fiber optic";"3068.54";"No"
CUST10516;"Female";"57";"15";"96.19";"Month-to-month";"Bank transfer";"No";"1242.85";"Yes"
CUST10517;"Female";"55";"43";"103.36";"Two year";"Electronic check";"Fiber optic";"4518.4";"No"
CUST10518;"Female";"23";"48";"64.04";"Two year";"Bank transfer";"Fiber optic";"3124.62";"No"
CUST10519;"Female";"25";"70";"50.23";"One year";"Credit card";"No";"3510.36";"No"
CUST10520;"Female";"40";"46";"45.93";"Two year";"Bank transfer";"Fiber optic";"1973.24";"No"
CUST10521;"Male";"64";"43";"39.46";"One year";"Electronic check";"Fiber optic";"1625.99";"No"
CUST10522;"Female";"43";"21";"25.76";"One year";"Bank transfer";"No";"514.69";"No"
CUST10523;"Male";"63";"23";"54.24";"Month-to-month";"Credit card";"No";"1087.93";"No"
CUST10524;"Female";"60";"47";"47.02";"Month-to-month";"Credit card";"Fiber optic";"2136.04";"No"
CUST10525;"Male";"29";"15";"116.64";"One year";"Credit card";"DSL";"1814.83";"No"
CUST10526;"Male";"43";"25";"75.77";"One year";"Electronic check";"Fiber optic";"2036.98";"No"
CUST10527;"Female";"30";"36";"54.73";"Month-to-month";"Credit card";"Fiber optic";"1928.34";"No"
CUST10528;"Female";"57";"51";"78.05";"Two year";"Electronic check";"Fiber optic";"4056.2";"No"
CUST10529;"Female";"35";"15";"33.92";"Month-to-month";"Bank transfer";"Fiber optic";"317.39";"Yes"
CUST10530;"Male";"42";"68";"64.4";"Month-to-month";"Credit card";"Fiber optic";"4445.15";"Yes"
CUST10531;"Female";"50";"21";"82.62";"One year";"Bank transfer";"Fiber optic";"1654.63";"No"
CUST10532;"Male";"64";"13";"68.89";"One year";"Mailed check";"DSL";"926.3";"No"
CUST10533;"Male";"57";"19";"60.18";"One year";"Bank transfer";"Fiber optic";"1118.64";"No"
CUST10534;"Male";"60";"34";"119.38";"Month-to-month";"Mailed check";"Fiber optic";"4190.96";"No"
CUST10535;"Female";"29";"68";"108.03";"Month-to-month";"Bank transfer";"DSL";"7258.6";"Yes"
CUST10536;"Female";"61";"52";"82.34";"One year";"Electronic check";"DSL";"4344.44";"No"
CUST10537;"Male";"53";"27";"76.94";"One year";"Bank transfer";"Fiber optic";"2049.43";"No"
CUST10538;"Male";"65";"29";"82.07";"Month-to-month";"Electronic check";"Fiber optic";"2364.2";"Yes"
CUST10539;"Female";"21";"28";"40.13";"One year";"Electronic check";"DSL";"1105.25";"No"
CUST10540;"Male";"22";"35";"59.51";"Month-to-month";"Credit card";"No";"1998.28";"Yes"
CUST10541;"Female";"73";"8";"23.95";"One year";"Electronic check";"Fiber optic";"190.19";"No"
CUST10542;"Male";"54";"16";"67.55";"Two year";"Mailed check";"No";"1074.54";"No"
CUST10543;"Female";"25";"36";"74.3";"Month-to-month";"Credit card";"Fiber optic";"2698.92";"No"
CUST10544;"Male";"59";"30";"42.77";"Month-to-month";"Credit card";"Fiber optic";"1291.55";"No"
CUST10545;"Female";"66";"18";"116.4";"One year";"Bank transfer";"No";"2175.0";"No"
CUST10546;"Male";"45";"2";"110.95";"One year";"Electronic check";"Fiber optic";"314.25";"No"
CUST10547;"Female";"48";"49";"92.21";"One year";"Electronic check";"Fiber optic";"4413.23";"No"
CUST10548;"Female";"26";"4";"73.34";"Two year";"Mailed check";"DSL";"380.24";"No"
CUST10549;"Male";"71";"7";"107.0";"Two year";"Bank transfer";"Fiber optic";"630.37";"No"
CUST10550;"Male";"68";"39";"33.07";"Two year";"Bank transfer";"DSL";"1348.52";"No"
CUST10551;"Female";"46";"13";"99.05";"Month-to-month";"Credit card";"DSL";"1349.62";"No"
CUST10552;"Male";"31";"31";"32.48";"Month-to-month";"Credit card";"DSL";"815.75";"No"
CUST10553;"Female";"57";"71";"99.42";"Month-to-month";"Credit card";"DSL";"7068.12";"Yes"
CUST10554;"Male";"58";"63";"47.58";"Month-to-month";"Mailed check";"No";"2950.69";"No"
CUST10555;"Female";"39";"56";"107.71";"One year";"Mailed check";"DSL";"5955.88";"No"
CUST10556;"Female";"28";"42";"114.4";"Month-to-month";"Credit card";"Fiber optic";"4939.89";"Yes"
CUST10557;"Female";"40";"61";"34.88";"Two year";"Bank transfer";"No";"2062.31";"No"
CUST10558;"Female";"18";"42";"66.27";"One year";"Mailed check";"Fiber optic";"2702.7";"No"
CUST10559;"Female";"63";"56";"118.1";"One year";"Bank transfer";"DSL";"6621.17";"No"
CUST10560;"Female";"54";"36";"68.34";"Month-to-month";"Bank transfer";"Fiber optic";"2528.8";"Yes"
CUST10561;"Male";"38";"68";"106.35";"Month-to-month";"Electronic check";"Fiber optic";"7217.64";"No"
CUST10562;"Male";"43";"7";"78.87";"Month-to-month";"Credit card";"Fiber optic";"668.73";"Yes"
CUST10563;"Male";"63";"54";"57.53";"Month-to-month";"Electronic check";"Fiber optic";"3159.72";"No"
CUST10564;"Female";"53";"1";"48.58";"Month-to-month";"Credit card";"No";"48.58";"Yes"
CUST10565;"Female";"71";"44";"40.32";"One year";"Credit card";"Fiber optic";"1721.13";"Yes"
CUST10566;"Female";"40";"45";"96.18";"Two year";"Bank transfer";"DSL";"4271.92";"No"
CUST10567;"Female";"74";"47";"58.65";"Two year";"Credit card";"Fiber optic";"2804.49";"No"
CUST10568;"Male";"18";"13";"71.13";"One year";"Bank transfer";"DSL";"724.69";"Yes"
CUST10569;"Male";"71";"22";"69.23";"Month-to-month";"Bank transfer";"No";"1723.06";"Yes"
CUST10570;"Female";"72";"21";"77.73";"Two year";"Credit card";"DSL";"1685.43";"No"
CUST10571;"Male";"68";"9";"106.56";"Two year";"Bank transfer";"DSL";"973.93";"Yes"
CUST10572;"Male";"57";"26";"118.07";"Month-to-month";"Bank transfer";"No";"3187.98";"No"
CUST10573;"Female";"32";"9";"60.76";"One year";"Bank transfer";"Fiber optic";"746.84";"Yes"
CUST10574;"Male";"38";"15";"102.75";"Month-to-month";"Mailed check";"Fiber optic";"1628.32";"Yes"
CUST10575;"Female";"64";"10";"96.45";"Two year";"Bank transfer";"Fiber optic";"1059.38";"Yes"
CUST10576;"Male";"26";"42";"77.35";"Two year";"Mailed check";"No";"3261.77";"No"
CUST10577;"Female";"70";"72";"115.6";"Month-to-month";"Mailed check";"DSL";"8309.05";"No"
CUST10578;"Female";"26";"24";"40.05";"Two year";"Bank transfer";"No";"913.62";"No"
CUST10579;"Female";"27";"49";"30.93";"One year";"Bank transfer";"DSL";"1432.96";"No"
CUST10580;"Female";"69";"26";"105.4";"Two year";"Mailed check";"Fiber optic";"2671.7";"No"
CUST10581;"Male";"74";"37";"63.91";"Month-to-month";"Mailed check";"No";"2229.61";"Yes"
CUST10582;"Female";"70";"68";"104.7";"Two year";"Bank transfer";"DSL";"7112.01";"No"
CUST10583;"Female";"43";"50";"109.31";"Month-to-month";"Bank transfer";"Fiber optic";"5297.03";"No"
CUST10584;"Female";"58";"24";"26.25";"Month-to-month";"Credit card";"DSL";"649.09";"No"
CUST10585;"Male";"52";"19";"108.35";"Month-to-month";"Mailed check";"Fiber optic";"2055.02";"Yes"
CUST10586;"Female";"69";"60";"64.83";"Two year";"Mailed check";"Fiber optic";"3904.49";"No"
CUST10587;"Male";"42";"39";"71.04";"Two year";"Credit card";"Fiber optic";"2718.35";"No"
CUST10588;"Female";"43";"18";"82.66";"Two year";"Mailed check";"DSL";"1687.88";"No"
CUST10589;"Male";"28";"19";"112.64";"Two year";"Electronic check";"DSL";"2276.17";"Yes"
CUST10590;"Male";"55";"36";"21.91";"Month-to-month";"Mailed check";"DSL";"664.31";"Yes"
CUST10591;"Female";"19";"55";"67.68";"Month-to-month";"Credit card";"DSL";"3745.69";"No"
CUST10592;"Male";"24";"69";"88.77";"Month-to-month";"Electronic check";"Fiber optic";"6064.33";"Yes"
CUST10593;"Female";"35";"47";"92.27";"Month-to-month";"Bank transfer";"No";"4235.24";"No"
CUST10594;"Female";"44";"49";"89.25";"Month-to-month";"Credit card";"Fiber optic";"4239.24";"No"
CUST10595;"Female";"51";"33";"33.44";"Month-to-month";"Credit card";"Fiber optic";"1146.74";"Yes"
CUST10596;"Male";"44";"21";"49.94";"Month-to-month";"Bank transfer";"No";"980.6";"No"
CUST10597;"Male";"34";"22";"55.87";"Month-to-month";"Credit card";"Fiber optic";"1325.92";"No"
CUST10598;"Female";"60";"48";"100.44";"Month-to-month";"Mailed check";"No";"4920.5";"No"
CUST10599;"Female";"61";"37";"47.88";"Month-to-month";"Bank transfer";"Fiber optic";"1908.95";"Yes"
CUST10600;"Male";"68";"15";"41.07";"Two year";"Credit card";"DSL";"530.81";"Yes"
CUST10601;"Female";"71";"35";"115.74";"One year";"Bank transfer";"DSL";"4098.44";"No"
CUST10602;"Female";"41";"71";"20.89";"Two year";"Bank transfer";"Fiber optic";"1546.44";"No"
CUST10603;"Female";"42";"32";"119.78";"Month-to-month";"Bank transfer";"DSL";"3785.54";"No"
CUST10604;"Male";"24";"11";"87.68";"Month-to-month";"Electronic check";"DSL";"887.3";"Yes"
CUST10605;"Male";"69";"10";"102.85";"One year";"Credit card";"Fiber optic";"1189.45";"No"
CUST10606;"Male";"23";"57";"49.46";"Month-to-month";"Electronic check";"Fiber optic";"2841.97";"No"
CUST10607;"Female";"70";"25";"21.43";"Month-to-month";"Credit card";"Fiber optic";"599.35";"No"
CUST10608;"Female";"41";"2";"93.79";"Month-to-month";"Mailed check";"DSL";"105.37";"Yes"
CUST10609;"Female";"50";"64";"103.41";"Month-to-month";"Mailed check";"Fiber optic";"6496.31";"No"
CUST10610;"Male";"66";"35";"94.05";"Month-to-month";"Mailed check";"Fiber optic";"3234.81";"Yes"
CUST10611;"Female";"46";"7";"34.29";"Month-to-month";"Credit card";"No";"227.63";"No"
CUST10612;"Female";"60";"18";"95.34";"One year";"Bank transfer";"Fiber optic";"1609.7";"Yes"
CUST10613;"Female";"39";"67";"96.89";"Month-to-month";"Bank transfer";"No";"6490.65";"No"
CUST10614;"Female";"43";"42";"85.85";"Month-to-month";"Electronic check";"Fiber optic";"3436.85";"No"
CUST10615;"Male";"45";"39";"96.61";"Two year";"Electronic check";"Fiber optic";"3655.79";"Yes"
CUST10616;"Male";"67";"41";"104.59";"Month-to-month";"Mailed check";"DSL";"4355.28";"No"
CUST10617;"Female";"38";"24";"81.36";"Month-to-month";"Electronic check";"Fiber optic";"2013.02";"Yes"
CUST10618;"Male";"66";"60";"28.86";"Two year";"Credit card";"Fiber optic";"1692.41";"No"
CUST10619;"Male";"24";"46";"68.76";"Month-to-month";"Credit card";"Fiber optic";"3061.18";"No"
CUST10620;"Female";"34";"19";"27.76";"Month-to-month";"Electronic check";"Fiber optic";"424.7";"Yes"
CUST10621;"Female";"37";"68";"60.75";"Month-to-month";"Electronic check";"Fiber optic";"4093.67";"No"
CUST10622;"Male";"58";"42";"60.71";"Month-to-month";"Electronic check";"DSL";"2614.27";"Yes"
CUST10623;"Female";"66";"32";"26.6";"One year";"Electronic check";"Fiber optic";"944.02";"No"
CUST10624;"Male";"37";"39";"54.88";"Two year";"Mailed check";"DSL";"2090.67";"Yes"
CUST10625;"Female";"71";"36";"31.1";"Month-to-month";"Mailed check";"No";"1004.25";"No"
CUST10626;"Male";"39";"36";"100.82";"One year";"Electronic check";"DSL";"3656.3";"No"
CUST10627;"Female";"45";"3";"114.77";"Month-to-month";"Credit card";"DSL";"261.96";"No"
CUST10628;"Male";"57";"8";"27.23";"Month-to-month";"Mailed check";"Fiber optic";"166.01";"Yes"
CUST10629;"Male";"66";"70";"115.51";"One year";"Credit card";"Fiber optic";"8218.23";"No"
CUST10630;"Male";"24";"41";"72.26";"Month-to-month";"Bank transfer";"Fiber optic";"3045.37";"No"
CUST10631;"Female";"18";"68";"49.96";"Month-to-month";"Credit card";"DSL";"3413.08";"No"
CUST10632;"Male";"49";"13";"27.69";"Month-to-month";"Electronic check";"Fiber optic";"232.78";"Yes"
CUST10633;"Male";"30";"49";"70.06";"Month-to-month";"Bank transfer";"DSL";"3454.08";"Yes"
CUST10634;"Female";"47";"60";"99.45";"Month-to-month";"Mailed check";"No";"6073.27";"Yes"
CUST10635;"Female";"40";"2";"90.71";"Two year";"Mailed check";"No";"143.86";"No"
CUST10636;"Male";"68";"60";"25.02";"Month-to-month";"Bank transfer";"Fiber optic";"1636.31";"No"
CUST10637;"Male";"73";"5";"27.29";"Month-to-month";"Credit card";"DSL";"265.72";"No"
CUST10638;"Female";"36";"44";"60.29";"Month-to-month";"Mailed check";"Fiber optic";"2819.13";"Yes"
CUST10639;"Female";"49";"27";"49.53";"One year";"Electronic check";"DSL";"1367.83";"No"
CUST10640;"Female";"47";"32";"43.24";"One year";"Bank transfer";"Fiber optic";"1442.42";"No"
CUST10641;"Female";"46";"21";"48.1";"One year";"Electronic check";"DSL";"1151.52";"No"
CUST10642;"Female";"66";"8";"100.35";"One year";"Bank transfer";"No";"847.54";"No"
CUST10643;"Male";"62";"72";"112.92";"Two year";"Mailed check";"DSL";"8080.12";"No"
CUST10644;"Female";"46";"50";"60.51";"Month-to-month";"Credit card";"Fiber optic";"2980.65";"Yes"
CUST10645;"Male";"47";"67";"110.61";"Month-to-month";"Bank transfer";"Fiber optic";"7434.73";"Yes"
CUST10646;"Male";"33";"44";"52.15";"Two year";"Bank transfer";"Fiber optic";"2165.54";"No"
CUST10647;"Male";"57";"58";"67.64";"Two year";"Electronic check";"DSL";"3908.79";"No"
CUST10648;"Female";"36";"3";"42.6";"Two year";"Mailed check";"No";"237.45";"No"
CUST10649;"Male";"35";"70";"84.05";"Month-to-month";"Electronic check";"Fiber optic";"5683.5";"No"
CUST10650;"Male";"18";"2";"117.9";"Month-to-month";"Mailed check";"Fiber optic";"389.25";"Yes"
CUST10651;"Female";"31";"44";"80.35";"Month-to-month";"Electronic check";"DSL";"3647.64";"No"
CUST10652;"Male";"68";"2";"55.78";"One year";"Bank transfer";"Fiber optic";"65.58";"No"
CUST10653;"Male";"64";"35";"84.78";"Month-to-month";"Electronic check";"Fiber optic";"3021.64";"Yes"
CUST10654;"Female";"67";"30";"32.29";"Month-to-month";"Credit card";"DSL";"969.01";"No"
CUST10655;"Male";"19";"8";"108.87";"Two year";"Mailed check";"DSL";"993.96";"No"
CUST10656;"Male";"71";"22";"70.31";"Month-to-month";"Mailed check";"No";"1645.09";"No"
CUST10657;"Male";"45";"44";"64.93";"Two year";"Bank transfer";"DSL";"2716.91";"No"
CUST10658;"Female";"66";"58";"78.59";"Month-to-month";"Mailed check";"DSL";"4616.95";"No"
CUST10659;"Female";"67";"36";"82.48";"Month-to-month";"Credit card";"Fiber optic";"2948.72";"Yes"
CUST10660;"Female";"47";"69";"27.18";"Month-to-month";"Electronic check";"Fiber optic";"1883.7";"No"
CUST10661;"Male";"55";"31";"88.26";"One year";"Bank transfer";"DSL";"2663.24";"No"
CUST10662;"Male";"68";"47";"44.19";"Month-to-month";"Credit card";"Fiber optic";"2251.74";"Yes"
CUST10663;"Female";"21";"55";"91.4";"Month-to-month";"Mailed check";"DSL";"5131.01";"No"
CUST10664;"Male";"18";"62";"102.25";"Two year";"Mailed check";"DSL";"6265.52";"No"
CUST10665;"Male";"25";"30";"100.4";"Month-to-month";"Credit card";"DSL";"2878.54";"No"
CUST10666;"Female";"46";"55";"75.25";"One year";"Electronic check";"No";"4100.18";"No"
CUST10667;"Female";"72";"16";"72.02";"One year";"Electronic check";"DSL";"1195.77";"No"
CUST10668;"Male";"56";"12";"34.29";"Month-to-month";"Bank transfer";"DSL";"435.5";"No"
CUST10669;"Male";"20";"17";"97.53";"One year";"Mailed check";"Fiber optic";"1783.32";"No"
CUST10670;"Male";"49";"16";"47.14";"Month-to-month";"Credit card";"No";"833.23";"No"
CUST10671;"Female";"27";"12";"69.67";"One year";"Electronic check";"DSL";"933.0";"No"
CUST10672;"Female";"27";"8";"48.43";"Month-to-month";"Bank transfer";"Fiber optic";"420.13";"Yes"
CUST10673;"Female";"36";"3";"33.38";"One year";"Mailed check";"DSL";"33.38";"No"
CUST10674;"Female";"63";"16";"82.96";"Month-to-month";"Mailed check";"Fiber optic";"1307.79";"Yes"
CUST10675;"Male";"51";"30";"25.43";"One year";"Bank transfer";"Fiber optic";"868.91";"No"
CUST10676;"Female";"50";"23";"94.86";"Month-to-month";"Bank transfer";"Fiber optic";"2176.63";"Yes"
CUST10677;"Female";"40";"5";"51.76";"Month-to-month";"Electronic check";"DSL";"309.11";"No"
CUST10678;"Female";"72";"65";"20.01";"Month-to-month";"Credit card";"DSL";"1268.78";"No"
CUST10679;"Female";"45";"30";"71.11";"Month-to-month";"Mailed check";"DSL";"2030.32";"No"
CUST10680;"Female";"49";"21";"24.69";"Two year";"Credit card";"Fiber optic";"506.16";"Yes"
CUST10681;"Male";"67";"70";"47.62";"Month-to-month";"Mailed check";"DSL";"3364.3";"No"
CUST10682;"Male";"24";"22";"90.7";"Two year";"Mailed check";"Fiber optic";"1929.83";"Yes"
CUST10683;"Female";"46";"72";"26.27";"Two year";"Credit card";"No";"1867.87";"No"
CUST10684;"Male";"25";"32";"103.93";"One year";"Bank transfer";"No";"3231.81";"No"
CUST10685;"Female";"18";"33";"20.38";"Month-to-month";"Electronic check";"No";"784.46";"No"
CUST10686;"Female";"74";"16";"44.68";"Month-to-month";"Mailed check";"Fiber optic";"685.43";"No"
CUST10687;"Male";"72";"38";"94.09";"One year";"Bank transfer";"Fiber optic";"3720.7";"Yes"
CUST10688;"Male";"20";"14";"51.63";"Month-to-month";"Mailed check";"DSL";"875.69";"No"
CUST10689;"Female";"41";"36";"30.19";"Month-to-month";"Electronic check";"Fiber optic";"1078.74";"Yes"
CUST10690;"Female";"40";"23";"56.02";"One year";"Mailed check";"Fiber optic";"1187.62";"No"
CUST10691;"Female";"25";"66";"47.04";"Two year";"Electronic check";"Fiber optic";"2904.64";"No"
CUST10692;"Male";"71";"2";"104.27";"One year";"Electronic check";"Fiber optic";"104.27";"No"
CUST10693;"Female";"74";"65";"51.33";"Month-to-month";"Mailed check";"DSL";"3199.07";"No"
CUST10694;"Female";"64";"67";"98.89";"One year";"Mailed check";"DSL";"6763.48";"Yes"
CUST10695;"Female";"54";"52";"109.19";"Month-to-month";"Electronic check";"No";"5689.46";"No"
CUST10696;"Male";"20";"62";"63.38";"Month-to-month";"Bank transfer";"DSL";"3968.52";"No"
CUST10697;"Female";"68";"23";"110.99";"Two year";"Credit card";"Fiber optic";"2352.77";"No"
CUST10698;"Female";"50";"26";"57.73";"Month-to-month";"Electronic check";"No";"1381.18";"No"
CUST10699;"Male";"45";"68";"116.41";"Month-to-month";"Mailed check";"Fiber optic";"8004.59";"Yes"
CUST10700;"Female";"64";"55";"28.93";"Month-to-month";"Mailed check";"Fiber optic";"1619.83";"No"
CUST10701;"Female";"25";"6";"88.7";"Two year";"Bank transfer";"DSL";"517.48";"No"
CUST10702;"Male";"51";"35";"69.38";"One year";"Credit card";"DSL";"2484.78";"No"
CUST10703;"Female";"52";"22";"58.76";"One year";"Electronic check";"No";"1456.3";"Yes"
CUST10704;"Male";"49";"43";"83.27";"One year";"Electronic check";"Fiber optic";"3558.51";"Yes"
CUST10705;"Male";"41";"15";"90.39";"Month-to-month";"Credit card";"Fiber optic";"1362.79";"No"
CUST10706;"Female";"31";"60";"20.44";"Month-to-month";"Electronic check";"DSL";"1245.66";"No"
CUST10707;"Female";"49";"12";"36.7";"Month-to-month";"Credit card";"DSL";"640.4";"Yes"
CUST10708;"Female";"73";"49";"91.3";"Month-to-month";"Mailed check";"No";"4273.7";"Yes"
CUST10709;"Female";"63";"42";"86.64";"Month-to-month";"Credit card";"Fiber optic";"3707.2";"No"
CUST10710;"Male";"60";"38";"116.6";"Two year";"Electronic check";"Fiber optic";"4419.32";"No"
CUST10711;"Female";"33";"45";"96.1";"Month-to-month";"Credit card";"DSL";"4381.18";"No"
CUST10712;"Male";"21";"35";"115.08";"Month-to-month";"Bank transfer";"Fiber optic";"3962.06";"Yes"
CUST10713;"Female";"69";"30";"90.25";"Month-to-month";"Mailed check";"No";"2702.6";"Yes"
CUST10714;"Female";"54";"30";"49.81";"Month-to-month";"Mailed check";"Fiber optic";"1565.44";"No"
CUST10715;"Female";"71";"6";"30.54";"Two year";"Credit card";"DSL";"383.24";"No"
CUST10716;"Male";"38";"67";"98.18";"Month-to-month";"Electronic check";"Fiber optic";"6658.86";"Yes"
CUST10717;"Female";"31";"7";"84.41";"Month-to-month";"Bank transfer";"Fiber optic";"506.06";"No"
CUST10718;"Female";"48";"52";"24.82";"One year";"Mailed check";"Fiber optic";"1248.26";"No"
CUST10719;"Female";"72";"14";"56.01";"Month-to-month";"Mailed check";"No";"738.8";"No"
CUST10720;"Female";"65";"15";"115.68";"Month-to-month";"Electronic check";"Fiber optic";"1555.64";"Yes"
CUST10721;"Male";"35";"21";"70.04";"Month-to-month";"Electronic check";"No";"1437.83";"No"
CUST10722;"Female";"24";"35";"63.27";"One year";"Bank transfer";"Fiber optic";"2287.73";"No"
CUST10723;"Male";"27";"66";"65.77";"Two year";"Credit card";"DSL";"4213.4";"No"
CUST10724;"Male";"24";"2";"40.89";"One year";"Electronic check";"DSL";"186.63";"Yes"
CUST10725;"Male";"50";"35";"56.87";"Month-to-month";"Credit card";"DSL";"2039.23";"Yes"
CUST10726;"Male";"40";"20";"56.98";"Two year";"Bank transfer";"No";"1066.18";"Yes"
CUST10727;"Male";"38";"10";"25.24";"Month-to-month";"Credit card";"Fiber optic";"238.25";"No"
CUST10728;"Male";"36";"25";"96.76";"Month-to-month";"Mailed check";"Fiber optic";"2578.83";"Yes"
CUST10729;"Female";"65";"66";"61.65";"Month-to-month";"Credit card";"DSL";"4142.25";"No"
CUST10730;"Male";"36";"25";"102.22";"Month-to-month";"Bank transfer";"DSL";"2556.38";"Yes"
CUST10731;"Male";"53";"54";"105.03";"Month-to-month";"Bank transfer";"Fiber optic";"5647.85";"No"
CUST10732;"Male";"46";"33";"41.2";"One year";"Bank transfer";"Fiber optic";"1367.26";"No"
CUST10733;"Female";"35";"36";"85.74";"Two year";"Credit card";"DSL";"3035.46";"No"
CUST10734;"Female";"19";"14";"67.23";"Month-to-month";"Mailed check";"Fiber optic";"741.22";"Yes"
CUST10735;"Male";"18";"65";"108.02";"Month-to-month";"Electronic check";"DSL";"7221.3";"Yes"
CUST10736;"Female";"64";"54";"41.57";"Month-to-month";"Mailed check";"DSL";"2260.31";"No"
CUST10737;"Male";"22";"52";"87.78";"Month-to-month";"Credit card";"Fiber optic";"4604.37";"No"
CUST10738;"Male";"37";"3";"80.78";"One year";"Credit card";"DSL";"236.55";"Yes"
CUST10739;"Female";"28";"41";"49.53";"Month-to-month";"Electronic check";"No";"1957.22";"No"
CUST10740;"Male";"59";"6";"33.66";"Two year";"Credit card";"DSL";"183.37";"No"
CUST10741;"Female";"19";"25";"85.16";"Month-to-month";"Bank transfer";"DSL";"1969.06";"Yes"
CUST10742;"Female";"20";"13";"93.86";"Month-to-month";"Bank transfer";"DSL";"1420.18";"Yes"
CUST10743;"Male";"40";"8";"51.56";"Month-to-month";"Bank transfer";"Fiber optic";"289.03";"No"
CUST10744;"Male";"72";"21";"84.48";"Month-to-month";"Bank transfer";"Fiber optic";"1670.88";"Yes"
CUST10745;"Female";"29";"68";"59.51";"Month-to-month";"Bank transfer";"Fiber optic";"4002.65";"Yes"
CUST10746;"Male";"37";"25";"91.32";"One year";"Credit card";"DSL";"2411.81";"No"
CUST10747;"Male";"22";"68";"39.92";"Month-to-month";"Electronic check";"DSL";"2716.01";"Yes"
CUST10748;"Male";"54";"45";"109.02";"One year";"Electronic check";"Fiber optic";"4782.29";"No"
CUST10749;"Female";"55";"60";"48.74";"Month-to-month";"Bank transfer";"No";"3049.83";"Yes"
CUST10750;"Female";"47";"12";"56.78";"Month-to-month";"Credit card";"No";"754.46";"Yes"
CUST10751;"Male";"26";"32";"25.81";"Month-to-month";"Mailed check";"DSL";"879.76";"No"
CUST10752;"Female";"51";"13";"31.15";"Two year";"Mailed check";"Fiber optic";"476.52";"No"
CUST10753;"Female";"70";"31";"71.59";"Month-to-month";"Credit card";"No";"2419.29";"No"
CUST10754;"Female";"61";"20";"46.76";"One year";"Bank transfer";"Fiber optic";"1135.2";"No"
CUST10755;"Female";"52";"18";"103.55";"Month-to-month";"Electronic check";"No";"1795.23";"Yes"
CUST10756;"Female";"69";"60";"21.47";"One year";"Credit card";"DSL";"1450.59";"No"
CUST10757;"Male";"39";"63";"57.91";"Month-to-month";"Mailed check";"No";"3686.65";"Yes"
CUST10758;"Male";"61";"6";"53.73";"One year";"Mailed check";"Fiber optic";"372.29";"No"
CUST10759;"Male";"41";"32";"21.93";"One year";"Mailed check";"No";"532.53";"No"
CUST10760;"Female";"34";"43";"32.44";"Two year";"Bank transfer";"Fiber optic";"1377.88";"No"
CUST10761;"Female";"27";"2";"61.36";"Month-to-month";"Mailed check";"Fiber optic";"61.36";"Yes"
CUST10762;"Male";"47";"60";"69.29";"Month-to-month";"Credit card";"No";"4240.21";"No"
CUST10763;"Female";"73";"23";"60.43";"Month-to-month";"Credit card";"DSL";"1497.0";"No"
CUST10764;"Male";"63";"31";"73.09";"Two year";"Mailed check";"DSL";"2065.79";"No"
CUST10765;"Male";"40";"5";"79.51";"Month-to-month";"Credit card";"Fiber optic";"395.35";"Yes"
CUST10766;"Male";"49";"34";"20.99";"One year";"Mailed check";"Fiber optic";"825.85";"No"
CUST10767;"Female";"34";"10";"66.41";"Month-to-month";"Mailed check";"No";"645.43";"Yes"
CUST10768;"Female";"67";"2";"116.35";"Month-to-month";"Electronic check";"DSL";"305.61";"Yes"
CUST10769;"Male";"68";"11";"71.9";"Month-to-month";"Bank transfer";"Fiber optic";"826.02";"Yes"
CUST10770;"Male";"34";"50";"87.75";"Two year";"Bank transfer";"Fiber optic";"4421.67";"No"
CUST10771;"Male";"31";"31";"51.19";"One year";"Electronic check";"DSL";"1559.76";"No"
CUST10772;"Male";"26";"56";"97.4";"Two year";"Electronic check";"Fiber optic";"5332.74";"No"
CUST10773;"Female";"57";"9";"97.29";"Month-to-month";"Bank transfer";"DSL";"763.46";"Yes"
CUST10774;"Female";"19";"21";"72.13";"One year";"Mailed check";"DSL";"1585.67";"No"
CUST10775;"Male";"62";"28";"117.6";"One year";"Mailed check";"No";"3294.75";"No"
CUST10776;"Male";"42";"62";"32.56";"Month-to-month";"Bank transfer";"Fiber optic";"2004.87";"No"
CUST10777;"Female";"56";"7";"21.69";"Two year";"Mailed check";"Fiber optic";"109.44";"No"
CUST10778;"Female";"26";"16";"97.02";"Two year";"Electronic check";"No";"1521.8";"No"
CUST10779;"Male";"71";"4";"100.72";"Two year";"Mailed check";"Fiber optic";"507.57";"Yes"
CUST10780;"Male";"39";"4";"32.02";"One year";"Mailed check";"No";"94.56";"No"
CUST10781;"Male";"60";"40";"46.56";"Month-to-month";"Credit card";"Fiber optic";"1728.29";"No"
CUST10782;"Female";"63";"17";"21.76";"Month-to-month";"Credit card";"No";"444.29";"No"
CUST10783;"Female";"21";"52";"49.33";"Two year";"Credit card";"DSL";"2544.67";"No"
CUST10784;"Female";"43";"52";"97.31";"Month-to-month";"Mailed check";"No";"5063.26";"No"
CUST10785;"Male";"46";"36";"71.8";"One year";"Bank transfer";"DSL";"2745.56";"Yes"
CUST10786;"Male";"62";"38";"54.81";"One year";"Electronic check";"DSL";"2080.72";"No"
CUST10787;"Female";"51";"50";"57.17";"One year";"Mailed check";"Fiber optic";"2887.42";"No"
CUST10788;"Female";"40";"63";"20.14";"Two year";"Bank transfer";"Fiber optic";"1150.93";"No"
CUST10789;"Male";"54";"63";"49.98";"Month-to-month";"Mailed check";"Fiber optic";"3126.77";"Yes"
CUST10790;"Female";"28";"62";"84.65";"Month-to-month";"Electronic check";"Fiber optic";"5309.25";"No"
CUST10791;"Female";"23";"7";"117.42";"Month-to-month";"Mailed check";"Fiber optic";"666.4";"Yes"
CUST10792;"Male";"35";"27";"104.71";"Month-to-month";"Electronic check";"DSL";"2847.25";"Yes"
CUST10793;"Female";"38";"14";"22.36";"Month-to-month";"Mailed check";"DSL";"323.12";"No"
CUST10794;"Male";"59";"71";"109.86";"Month-to-month";"Electronic check";"DSL";"7804.19";"No"
CUST10795;"Male";"53";"5";"98.32";"Two year";"Mailed check";"Fiber optic";"595.32";"No"
CUST10796;"Male";"58";"55";"98.04";"Two year";"Electronic check";"DSL";"5425.64";"No"
CUST10797;"Male";"55";"2";"65.8";"Month-to-month";"Credit card";"Fiber optic";"279.41";"No"
CUST10798;"Male";"51";"62";"59.8";"Month-to-month";"Mailed check";"Fiber optic";"3608.24";"Yes"
CUST10799;"Male";"34";"21";"50.29";"Two year";"Mailed check";"DSL";"1069.68";"No"
CUST10800;"Male";"54";"21";"26.57";"Month-to-month";"Bank transfer";"Fiber optic";"566.42";"Yes"
CUST10801;"Female";"42";"10";"42.82";"Month-to-month";"Bank transfer";"No";"321.27";"No"
CUST10802;"Male";"55";"58";"44.66";"Month-to-month";"Electronic check";"DSL";"2685.91";"No"
CUST10803;"Male";"29";"39";"68.41";"One year";"Mailed check";"Fiber optic";"2867.99";"Yes"
CUST10804;"Female";"40";"5";"94.74";"Month-to-month";"Electronic check";"Fiber optic";"472.0";"Yes"
CUST10805;"Female";"70";"65";"67.38";"Two year";"Credit card";"Fiber optic";"4430.2";"No"
CUST10806;"Female";"59";"13";"25.78";"Month-to-month";"Bank transfer";"Fiber optic";"343.59";"Yes"
CUST10807;"Male";"39";"53";"115.78";"Month-to-month";"Electronic check";"Fiber optic";"6064.98";"No"
CUST10808;"Female";"38";"45";"114.27";"Month-to-month";"Electronic check";"Fiber optic";"4960.07";"No"
CUST10809;"Male";"44";"32";"98.52";"Month-to-month";"Bank transfer";"DSL";"3082.06";"No"
CUST10810;"Male";"74";"36";"119.13";"One year";"Mailed check";"Fiber optic";"4149.48";"Yes"
CUST10811;"Male";"48";"60";"74.45";"One year";"Electronic check";"Fiber optic";"4637.41";"Yes"
CUST10812;"Male";"23";"11";"116.28";"One year";"Bank transfer";"DSL";"1267.57";"No"
CUST10813;"Female";"44";"63";"27.56";"One year";"Mailed check";"Fiber optic";"1701.69";"No"
CUST10814;"Female";"57";"21";"56.57";"Two year";"Credit card";"No";"1276.89";"No"
CUST10815;"Male";"51";"52";"42.54";"Two year";"Bank transfer";"Fiber optic";"2099.9";"No"
CUST10816;"Male";"29";"55";"39.58";"One year";"Electronic check";"Fiber optic";"2100.21";"No"
CUST10817;"Male";"62";"26";"34.08";"Month-to-month";"Credit card";"No";"892.89";"No"
CUST10818;"Female";"74";"68";"82.24";"Month-to-month";"Mailed check";"Fiber optic";"5695.2";"No"
CUST10819;"Male";"70";"34";"98.13";"Month-to-month";"Mailed check";"Fiber optic";"3386.59";"No"
CUST10820;"Male";"24";"52";"77.83";"One year";"Bank transfer";"Fiber optic";"4071.99";"Yes"
CUST10821;"Female";"27";"52";"34.7";"Month-to-month";"Bank transfer";"No";"1812.21";"Yes"
CUST10822;"Female";"62";"29";"101.11";"Month-to-month";"Bank transfer";"Fiber optic";"2972.21";"No"
CUST10823;"Male";"34";"38";"83.6";"Two year";"Mailed check";"Fiber optic";"3196.97";"No"
CUST10824;"Female";"43";"42";"58.82";"Two year";"Credit card";"Fiber optic";"2367.44";"No"
CUST10825;"Female";"38";"21";"87.41";"Two year";"Mailed check";"No";"1840.22";"No"
CUST10826;"Male";"45";"42";"45.99";"Month-to-month";"Electronic check";"Fiber optic";"1824.21";"No"
CUST10827;"Female";"63";"13";"54.52";"One year";"Mailed check";"DSL";"716.87";"Yes"
CUST10828;"Male";"19";"64";"111.75";"Month-to-month";"Electronic check";"No";"7103.94";"Yes"
CUST10829;"Female";"71";"17";"49.05";"Month-to-month";"Credit card";"Fiber optic";"1033.85";"No"
CUST10830;"Male";"60";"9";"67.0";"Month-to-month";"Bank transfer";"DSL";"599.01";"No"
CUST10831;"Male";"18";"41";"109.01";"Month-to-month";"Bank transfer";"Fiber optic";"4328.99";"No"
CUST10832;"Male";"68";"1";"90.77";"Month-to-month";"Mailed check";"Fiber optic";"90.77";"Yes"
CUST10833;"Female";"70";"2";"26.22";"Two year";"Bank transfer";"No";"104.38";"No"
CUST10834;"Male";"53";"60";"34.73";"Month-to-month";"Credit card";"DSL";"2251.14";"No"
CUST10835;"Female";"68";"48";"20.78";"One year";"Bank transfer";"No";"938.49";"No"
CUST10836;"Male";"43";"29";"83.09";"Month-to-month";"Mailed check";"Fiber optic";"2251.37";"No"
CUST10837;"Male";"46";"10";"64.77";"Month-to-month";"Credit card";"DSL";"729.38";"Yes"
CUST10838;"Female";"38";"58";"33.43";"Month-to-month";"Electronic check";"No";"1800.88";"Yes"
CUST10839;"Male";"28";"60";"115.79";"Month-to-month";"Mailed check";"Fiber optic";"6903.78";"Yes"
CUST10840;"Male";"57";"21";"72.97";"One year";"Electronic check";"DSL";"1506.61";"Yes"
CUST10841;"Female";"28";"28";"44.19";"Month-to-month";"Credit card";"Fiber optic";"1230.36";"No"
CUST10842;"Male";"53";"34";"70.06";"Month-to-month";"Mailed check";"No";"2450.96";"No"
CUST10843;"Male";"66";"8";"87.96";"Month-to-month";"Mailed check";"DSL";"635.32";"No"
CUST10844;"Male";"56";"59";"27.62";"Month-to-month";"Credit card";"DSL";"1602.21";"No"
CUST10845;"Male";"57";"72";"47.47";"Two year";"Bank transfer";"DSL";"3416.41";"No"
CUST10846;"Female";"52";"49";"100.7";"Month-to-month";"Mailed check";"DSL";"4949.26";"No"
CUST10847;"Female";"71";"17";"65.97";"One year";"Mailed check";"Fiber optic";"1131.27";"No"
CUST10848;"Male";"51";"60";"74.66";"One year";"Electronic check";"Fiber optic";"4523.2";"No"
CUST10849;"Female";"72";"45";"63.28";"Two year";"Bank transfer";"DSL";"2931.98";"Yes"
CUST10850;"Male";"64";"69";"24.39";"Two year";"Electronic check";"DSL";"1722.17";"No"
CUST10851;"Female";"41";"32";"36.57";"One year";"Electronic check";"DSL";"1215.6";"No"
CUST10852;"Male";"71";"44";"64.55";"One year";"Bank transfer";"No";"2681.98";"No"
CUST10853;"Male";"39";"65";"40.92";"Two year";"Bank transfer";"DSL";"2664.82";"Yes"
CUST10854;"Male";"22";"8";"25.0";"Month-to-month";"Credit card";"No";"247.95";"No"
CUST10855;"Male";"73";"72";"104.36";"Month-to-month";"Bank transfer";"Fiber optic";"7586.81";"Yes"
CUST10856;"Male";"50";"43";"118.12";"Month-to-month";"Mailed check";"DSL";"5009.92";"No"
CUST10857;"Male";"53";"1";"99.31";"Two year";"Bank transfer";"No";"99.31";"No"
CUST10858;"Female";"64";"51";"105.38";"Two year";"Credit card";"Fiber optic";"5316.97";"No"
CUST10859;"Male";"37";"24";"44.2";"Month-to-month";"Credit card";"Fiber optic";"1114.44";"No"
CUST10860;"Female";"36";"24";"116.06";"One year";"Credit card";"No";"2888.83";"No"
CUST10861;"Male";"52";"17";"39.69";"Month-to-month";"Bank transfer";"DSL";"633.98";"No"
CUST10862;"Female";"69";"5";"115.14";"Month-to-month";"Bank transfer";"DSL";"666.5";"No"
CUST10863;"Female";"60";"20";"119.48";"Two year";"Electronic check";"Fiber optic";"2401.95";"Yes"
CUST10864;"Female";"34";"21";"91.17";"Month-to-month";"Electronic check";"DSL";"1902.14";"Yes"
CUST10865;"Male";"62";"58";"118.11";"Month-to-month";"Mailed check";"DSL";"6829.24";"No"
CUST10866;"Male";"60";"31";"76.95";"One year";"Electronic check";"DSL";"2460.11";"No"
CUST10867;"Female";"51";"11";"45.95";"One year";"Mailed check";"DSL";"538.01";"No"
CUST10868;"Male";"26";"52";"63.7";"Month-to-month";"Credit card";"Fiber optic";"3512.4";"No"
CUST10869;"Female";"43";"15";"79.36";"One year";"Electronic check";"DSL";"1105.18";"No"
CUST10870;"Male";"19";"7";"27.31";"Month-to-month";"Bank transfer";"Fiber optic";"242.98";"Yes"
CUST10871;"Female";"70";"28";"82.23";"Month-to-month";"Electronic check";"Fiber optic";"2249.52";"No"
CUST10872;"Female";"26";"51";"118.12";"Month-to-month";"Mailed check";"Fiber optic";"5937.19";"No"
CUST10873;"Male";"26";"58";"39.01";"One year";"Electronic check";"DSL";"2261.49";"No"
CUST10874;"Female";"57";"5";"99.26";"Month-to-month";"Credit card";"Fiber optic";"510.04";"No"
CUST10875;"Male";"34";"5";"110.79";"Two year";"Bank transfer";"DSL";"753.95";"Yes"
CUST10876;"Female";"18";"8";"114.37";"Two year";"Mailed check";"Fiber optic";"896.55";"No"
CUST10877;"Female";"42";"64";"116.01";"Two year";"Bank transfer";"No";"7311.62";"Yes"
CUST10878;"Male";"60";"10";"72.15";"Month-to-month";"Bank transfer";"Fiber optic";"748.8";"Yes"
CUST10879;"Male";"57";"38";"117.73";"Two year";"Mailed check";"Fiber optic";"4273.74";"No"
CUST10880;"Male";"59";"8";"95.73";"Month-to-month";"Bank transfer";"Fiber optic";"756.64";"Yes"
CUST10881;"Female";"42";"25";"36.17";"Month-to-month";"Bank transfer";"Fiber optic";"905.85";"No"
CUST10882;"Male";"56";"66";"67.69";"Month-to-month";"Electronic check";"No";"4547.0";"Yes"
CUST10883;"Female";"52";"50";"91.83";"Month-to-month";"Bank transfer";"No";"4688.86";"Yes"
CUST10884;"Female";"20";"67";"44.73";"One year";"Bank transfer";"DSL";"2946.55";"No"
CUST10885;"Male";"67";"49";"84.06";"Month-to-month";"Bank transfer";"Fiber optic";"4103.88";"No"
CUST10886;"Male";"54";"36";"86.66";"Month-to-month";"Bank transfer";"No";"3043.15";"No"
CUST10887;"Female";"61";"68";"36.27";"One year";"Mailed check";"No";"2353.55";"No"
CUST10888;"Female";"61";"41";"76.51";"Month-to-month";"Credit card";"Fiber optic";"3167.9";"No"
CUST10889;"Male";"68";"62";"97.16";"One year";"Electronic check";"Fiber optic";"5896.56";"No"
CUST10890;"Male";"47";"10";"69.89";"Month-to-month";"Bank transfer";"DSL";"657.44";"Yes"
CUST10891;"Male";"55";"21";"21.21";"Two year";"Bank transfer";"No";"345.89";"Yes"
CUST10892;"Male";"51";"36";"20.9";"Two year";"Mailed check";"DSL";"807.37";"No"
CUST10893;"Male";"29";"12";"55.7";"Month-to-month";"Credit card";"Fiber optic";"848.54";"No"
CUST10894;"Female";"36";"2";"112.62";"Month-to-month";"Bank transfer";"DSL";"112.62";"Yes"
CUST10895;"Female";"54";"13";"42.87";"Month-to-month";"Mailed check";"DSL";"372.01";"No"
CUST10896;"Female";"61";"53";"83.44";"Two year";"Electronic check";"Fiber optic";"4409.83";"No"
CUST10897;"Female";"66";"32";"42.21";"Month-to-month";"Electronic check";"No";"1352.29";"Yes"
CUST10898;"Male";"34";"16";"52.17";"Month-to-month";"Bank transfer";"DSL";"856.59";"Yes"
CUST10899;"Male";"27";"32";"104.8";"Month-to-month";"Bank transfer";"Fiber optic";"3308.97";"No"
CUST10900;"Male";"74";"32";"92.89";"Month-to-month";"Credit card";"DSL";"2952.42";"No"
CUST10901;"Female";"72";"11";"29.54";"Month-to-month";"Credit card";"DSL";"361.69";"No"
CUST10902;"Female";"66";"10";"62.87";"Two year";"Bank transfer";"Fiber optic";"732.74";"Yes"
CUST10903;"Male";"64";"15";"22.92";"Month-to-month";"Mailed check";"Fiber optic";"148.3";"No"
CUST10904;"Male";"29";"17";"68.09";"Month-to-month";"Credit card";"DSL";"1120.64";"Yes"
CUST10905;"Female";"33";"40";"86.24";"Two year";"Bank transfer";"DSL";"3470.98";"Yes"
CUST10906;"Female";"41";"18";"31.85";"Two year";"Credit card";"DSL";"481.5";"No"
CUST10907;"Male";"36";"55";"48.89";"Month-to-month";"Bank transfer";"DSL";"2862.07";"No"
CUST10908;"Male";"25";"25";"59.78";"Month-to-month";"Electronic check";"No";"1430.96";"No"
CUST10909;"Female";"48";"59";"111.95";"Month-to-month";"Bank transfer";"No";"6600.92";"Yes"
CUST10910;"Male";"38";"22";"119.33";"Two year";"Electronic check";"DSL";"2680.86";"No"
CUST10911;"Male";"34";"30";"24.49";"Month-to-month";"Credit card";"Fiber optic";"675.57";"No"
CUST10912;"Male";"40";"44";"96.1";"Two year";"Bank transfer";"No";"4043.74";"No"
CUST10913;"Female";"54";"32";"57.17";"One year";"Credit card";"DSL";"1786.57";"No"
CUST10914;"Female";"71";"51";"59.25";"Month-to-month";"Electronic check";"No";"3124.69";"Yes"
CUST10915;"Female";"33";"46";"95.43";"Month-to-month";"Bank transfer";"No";"4356.09";"No"
CUST10916;"Female";"23";"21";"111.84";"Month-to-month";"Credit card";"DSL";"2264.0";"Yes"
CUST10917;"Female";"25";"32";"115.09";"Month-to-month";"Electronic check";"DSL";"3775.45";"Yes"
CUST10918;"Female";"42";"39";"77.71";"Month-to-month";"Credit card";"No";"2997.61";"No"
CUST10919;"Female";"35";"12";"55.71";"One year";"Mailed check";"Fiber optic";"617.5";"Yes"
CUST10920;"Male";"42";"47";"98.75";"Two year";"Electronic check";"DSL";"4656.2";"No"
CUST10921;"Male";"29";"18";"45.1";"One year";"Electronic check";"DSL";"888.88";"No"
CUST10922;"Male";"32";"21";"76.41";"One year";"Electronic check";"Fiber optic";"1804.61";"Yes"
CUST10923;"Male";"43";"13";"55.86";"Month-to-month";"Bank transfer";"Fiber optic";"808.9";"Yes"
CUST10924;"Male";"58";"21";"85.66";"Month-to-month";"Bank transfer";"Fiber optic";"1914.84";"Yes"
CUST10925;"Male";"62";"8";"44.04";"Month-to-month";"Bank transfer";"No";"301.72";"No"
CUST10926;"Male";"43";"46";"39.16";"One year";"Mailed check";"DSL";"1698.77";"No"
CUST10927;"Female";"64";"7";"111.82";"Two year";"Mailed check";"Fiber optic";"788.97";"Yes"
CUST10928;"Female";"49";"23";"30.18";"One year";"Electronic check";"Fiber optic";"704.86";"No"
CUST10929;"Male";"27";"22";"70.6";"Month-to-month";"Mailed check";"Fiber optic";"1445.35";"No"
CUST10930;"Male";"33";"22";"42.09";"Month-to-month";"Credit card";"DSL";"908.45";"Yes"
CUST10931;"Female";"24";"29";"23.89";"One year";"Electronic check";"No";"732.74";"No"
CUST10932;"Male";"34";"13";"23.6";"Month-to-month";"Electronic check";"No";"342.84";"No"
CUST10933;"Male";"40";"2";"37.52";"Two year";"Credit card";"Fiber optic";"125.47";"No"
CUST10934;"Female";"43";"29";"106.68";"Two year";"Electronic check";"Fiber optic";"3122.82";"No"
CUST10935;"Male";"38";"52";"48.25";"One year";"Mailed check";"DSL";"2458.3";"No"
CUST10936;"Female";"39";"27";"115.05";"Month-to-month";"Bank transfer";"Fiber optic";"3054.96";"No"
CUST10937;"Male";"24";"50";"78.16";"Month-to-month";"Credit card";"Fiber optic";"3788.1";"No"
CUST10938;"Female";"31";"23";"63.66";"Month-to-month";"Mailed check";"Fiber optic";"1642.66";"No"
CUST10939;"Female";"32";"44";"78.01";"Month-to-month";"Credit card";"No";"3433.79";"No"
CUST10940;"Female";"70";"22";"71.67";"Month-to-month";"Credit card";"Fiber optic";"1554.25";"Yes"
CUST10941;"Male";"24";"43";"95.88";"One year";"Electronic check";"Fiber optic";"4029.96";"No"
CUST10942;"Female";"26";"37";"48.25";"One year";"Electronic check";"Fiber optic";"1985.25";"No"
CUST10943;"Male";"68";"61";"55.31";"Month-to-month";"Mailed check";"DSL";"3266.58";"Yes"
CUST10944;"Male";"65";"56";"109.41";"Month-to-month";"Credit card";"Fiber optic";"6084.08";"Yes"
CUST10945;"Male";"25";"3";"114.65";"Month-to-month";"Electronic check";"DSL";"385.53";"Yes"
CUST10946;"Male";"67";"63";"109.26";"Month-to-month";"Electronic check";"Fiber optic";"6943.4";"Yes"
CUST10947;"Female";"40";"19";"61.94";"Two year";"Credit card";"Fiber optic";"1272.65";"Yes"
CUST10948;"Female";"46";"23";"98.04";"Month-to-month";"Mailed check";"Fiber optic";"2435.68";"Yes"
CUST10949;"Male";"35";"29";"67.63";"Month-to-month";"Mailed check";"Fiber optic";"2011.89";"Yes"
CUST10950;"Male";"48";"30";"69.75";"Month-to-month";"Credit card";"Fiber optic";"1986.9";"No"
CUST10951;"Female";"47";"39";"40.47";"Two year";"Mailed check";"DSL";"1552.64";"No"
CUST10952;"Male";"69";"25";"79.11";"One year";"Electronic check";"No";"2008.53";"Yes"
CUST10953;"Female";"56";"8";"38.61";"Month-to-month";"Credit card";"DSL";"508.88";"No"
CUST10954;"Male";"52";"58";"53.16";"Month-to-month";"Electronic check";"DSL";"2943.5";"No"
CUST10955;"Male";"35";"16";"105.5";"One year";"Bank transfer";"Fiber optic";"1808.26";"Yes"
CUST10956;"Female";"59";"72";"40.71";"Two year";"Bank transfer";"DSL";"2949.11";"No"
CUST10957;"Male";"56";"1";"27.12";"Month-to-month";"Mailed check";"DSL";"110.9";"No"
CUST10958;"Female";"34";"5";"26.9";"Two year";"Bank transfer";"Fiber optic";"124.3";"Yes"
CUST10959;"Male";"31";"3";"114.08";"Two year";"Electronic check";"Fiber optic";"258.0";"Yes"
CUST10960;"Male";"48";"65";"70.69";"Two year";"Bank transfer";"Fiber optic";"4669.94";"Yes"
CUST10961;"Male";"41";"4";"60.94";"One year";"Electronic check";"No";"309.2";"No"
CUST10962;"Female";"52";"64";"101.09";"One year";"Mailed check";"Fiber optic";"6566.97";"No"
CUST10963;"Male";"61";"10";"103.58";"Month-to-month";"Mailed check";"No";"1034.47";"No"
CUST10964;"Male";"62";"21";"53.22";"One year";"Electronic check";"DSL";"1057.64";"No"
CUST10965;"Male";"51";"46";"89.36";"Month-to-month";"Bank transfer";"Fiber optic";"3954.68";"No"
CUST10966;"Male";"20";"27";"97.11";"One year";"Mailed check";"No";"2703.91";"No"
CUST10967;"Female";"54";"66";"85.47";"Month-to-month";"Credit card";"Fiber optic";"5683.41";"No"
CUST10968;"Female";"60";"41";"35.16";"One year";"Mailed check";"Fiber optic";"1344.98";"Yes"
CUST10969;"Male";"57";"13";"107.59";"Two year";"Bank transfer";"Fiber optic";"1344.81";"No"
CUST10970;"Female";"43";"9";"73.91";"Month-to-month";"Credit card";"DSL";"618.51";"No"
CUST10971;"Male";"72";"36";"48.25";"Two year";"Bank transfer";"Fiber optic";"1588.7";"No"
CUST10972;"Male";"40";"58";"62.52";"Month-to-month";"Electronic check";"Fiber optic";"3544.39";"No"
CUST10973;"Male";"61";"54";"23.76";"Two year";"Credit card";"No";"1169.66";"No"
CUST10974;"Female";"56";"12";"32.79";"Month-to-month";"Bank transfer";"DSL";"352.23";"No"
CUST10975;"Female";"32";"14";"96.55";"Month-to-month";"Credit card";"No";"1277.83";"No"
CUST10976;"Female";"73";"34";"20.0";"Two year";"Bank transfer";"No";"517.3";"No"
CUST10977;"Female";"66";"53";"61.66";"Month-to-month";"Credit card";"DSL";"3467.98";"No"
CUST10978;"Female";"21";"20";"72.25";"Two year";"Bank transfer";"DSL";"1570.25";"No"
CUST10979;"Female";"46";"16";"25.46";"Month-to-month";"Electronic check";"No";"329.46";"No"
CUST10980;"Female";"39";"70";"117.31";"Month-to-month";"Credit card";"No";"8238.94";"No"
CUST10981;"Female";"42";"56";"42.61";"Month-to-month";"Credit card";"Fiber optic";"2427.91";"No"
CUST10982;"Female";"30";"58";"50.42";"One year";"Credit card";"DSL";"3043.47";"No"
CUST10983;"Male";"35";"4";"50.39";"Month-to-month";"Credit card";"Fiber optic";"119.7";"No"
CUST10984;"Female";"50";"4";"43.04";"Month-to-month";"Electronic check";"Fiber optic";"281.37";"No"
CUST10985;"Female";"33";"20";"20.15";"Month-to-month";"Credit card";"DSL";"348.21";"No"
CUST10986;"Female";"62";"10";"92.93";"Month-to-month";"Mailed check";"Fiber optic";"795.71";"Yes"
CUST10987;"Female";"59";"24";"116.68";"Two year";"Electronic check";"DSL";"2872.73";"Yes"
CUST10988;"Female";"61";"26";"42.43";"Two year";"Mailed check";"DSL";"1232.26";"No"
CUST10989;"Female";"19";"37";"86.3";"Month-to-month";"Credit card";"Fiber optic";"3393.1";"No"
CUST10990;"Female";"72";"54";"94.19";"One year";"Bank transfer";"Fiber optic";"4966.29";"No"
CUST10991;"Female";"52";"21";"104.84";"Month-to-month";"Mailed check";"DSL";"2271.53";"No"
CUST10992;"Female";"59";"38";"62.26";"One year";"Credit card";"Fiber optic";"2324.9";"Yes"
CUST10993;"Female";"51";"46";"50.29";"Two year";"Mailed check";"DSL";"2391.68";"No"
CUST10994;"Female";"47";"4";"52.53";"Two year";"Credit card";"DSL";"63.07";"No"
CUST10995;"Male";"72";"60";"91.26";"Month-to-month";"Credit card";"DSL";"5349.32";"No"
CUST10996;"Male";"30";"57";"101.68";"One year";"Credit card";"No";"5718.17";"No"
CUST10997;"Female";"30";"45";"38.16";"Month-to-month";"Bank transfer";"Fiber optic";"1725.1";"No"
CUST10998;"Female";"35";"20";"57.09";"Two year";"Mailed check";"Fiber optic";"1077.69";"Yes"
CUST10999;"Male";"49";"17";"110.19";"Month-to-month";"Electronic check";"Fiber optic";"1939.14";"No"
